id,cant_E_NR,Come en la escuela,OE_bebidas_azucaradas,OE_copetin,OE_golosinas,OE_facturas,OE_sandwich,come_escuela
74212137,0,No,,,,,,No
74274812,2,S?Â¡,1.0,0.0,0.0,1.0,1.0,Sí
74332559,2,No,,,,,,No
74434818,1,No,,,,,,No
74494264,0,No,,,,,,No
74567366,2,S?Â¡,0.0,1.0,2.0,1.0,1.0,Sí
74567871,2,S?Â¡,0.0,0.0,0.0,0.0,0.0,Sí
74589443,2,No,,,,,,No
74636313,1,S?Â¡,0.0,0.0,2.0,0.0,0.0,Sí
74641935,0,No,,,,,,No
74651370,3,S?Â¡,1.0,0.0,1.0,1.0,1.0,Sí
74658997,0,S?Â¡,0.0,0.0,0.0,0.0,0.0,Sí
74694070,0,S?Â¡,1.0,0.0,2.0,0.0,2.0,Sí
74703429,0,S?Â¡,0.0,0.0,1.0,1.0,1.0,Sí
74703430,2,S?Â¡,1.0,0.0,1.0,0.0,1.0,Sí
74718079,0,S?Â¡,0.0,0.0,0.0,0.0,1.0,Sí
74722892,0,No,,,,,,No
74723163,2,No,,,,,,No
74736364,0,S?Â¡,0.0,0.0,0.0,0.0,0.0,Sí
74770685,2,No,,,,,,No
74770686,1,No,,,,,,No
74808979,1,No,,,,,,No
74808980,2,No,,,,,,No
74826986,0, ,,,,,,
74869468,2,No,,,,,,No
74886563,2,S?Â¡,0.0,0.0,0.0,0.0,0.0,Sí
74887893,1,No,,,,,,No
74895979,1,No,,,,,,No
74902195,0,S?Â¡,0.0,0.0,0.0,2.0,1.0,Sí
74917904,0,No,,,,,,No
74918271,0,No,,,,,,No
74921761,1,No,,,,,,No
74922220,0, ,,,,,,
74922221,1,No,,,,,,No
74994800,0,S?Â¡,0.0,0.0,2.0,0.0,0.0,Sí
74996458,1,S?Â¡,0.0,0.0,1.0,0.0,0.0,Sí
74996459,0,No,,,,,,No
75001700,1,No,,,,,,No
75031969,1,S?Â¡,0.0,0.0,0.0,0.0,1.0,Sí
75068866,0,No,,,,,,No
75080242,1,No,,,,,,No
75083970,0,No,,,,,,No
75093681,2,No,,,,,,No
75118622,1,S?Â¡,2.0,2.0,2.0,2.0,2.0,Sí
75136208,2,S?Â¡,0.0,0.0,0.0,1.0,1.0,Sí
75144921,0,No,,,,,,No
75182948,3,No,,,,,,No
75191597,3,No,,,,,,No
75204079,0, ,,,,,,
75206661,1,No,,,,,,No
75230757,0,No,,,,,,No
75241596,0, ,,,,,,
75252404,3,S?Â¡,0.0,1.0,0.0,0.0,2.0,Sí
75255250,2,No,,,,,,No
75270606,0,No,,,,,,No
75276646,0, ,,,,,,
75276681,0,No,,,,,,No
75276715,2,No,,,,,,No
75282914,2,No,,,,,,No
75283239,0,No,,,,,,No
75284026,2,No,,,,,,No
75288282,3,No,,,,,,No
75288421,3,S?Â¡,2.0,0.0,1.0,0.0,0.0,Sí
75293730,2,No,,,,,,No
75301394,0, ,,,,,,
75312398,0,No,,,,,,No
75317719,0, ,,,,,,
75318916,0,No,,,,,,No
75324433,1,S?Â¡,0.0,0.0,0.0,1.0,1.0,Sí
75340589,0,S?Â¡,0.0,0.0,0.0,0.0,1.0,Sí
75347656,0, ,,,,,,
75371291,0,No,,,,,,No
75379712,0,No,,,,,,No
75384499,0,No,,,,,,No
75387581,1,No,,,,,,No
75396668,0,No,,,,,,No
75402150,1,S?Â¡,0.0,0.0,0.0,0.0,0.0,Sí
75427637,0,S?Â¡,0.0,0.0,1.0,0.0,1.0,Sí
75446430,1,S?Â¡,0.0,0.0,0.0,1.0,0.0,Sí
75446859,2,S?Â¡,0.0,0.0,0.0,1.0,1.0,Sí
75460491,0,No,,,,,,No
75461806,2,No,,,,,,No
75467279,0,No,,,,,,No
75468006,1,No,,,,,,No
75468926,2,No,,,,,,No
75468927,2,No,,,,,,No
75477027,1,No,,,,,,No
75480803,4,No,,,,,,No
75480913,2,S?Â¡,0.0,0.0,0.0,0.0,1.0,Sí
75484910,0,No,,,,,,No
75485410,1,No,,,,,,No
75485414,1,No,,,,,,No
75509799,1,S?Â¡,0.0,0.0,1.0,0.0,2.0,Sí
75513430,1,No,,,,,,No
75513924,0,No,,,,,,No
75532580,0, ,,,,,,
75536909,0,S?Â¡,0.0,0.0,0.0,2.0,0.0,Sí
75538840,2,S?Â¡,0.0,0.0,0.0,0.0,0.0,Sí
75541374,2,No,,,,,,No
75551423,0,S?Â¡,0.0,0.0,0.0,1.0,1.0,Sí
75551521,0,No,,,,,,No
75554344,0,S?Â¡,0.0,0.0,0.0,0.0,0.0,Sí
75555189,0,S?Â¡,0.0,0.0,0.0,1.0,1.0,Sí
75555938,3,No,,,,,,No
75555942,3,No,,,,,,No
75557415,1,No,,,,,,No
75559313,0,No,,,,,,No
75559315,0,No,,,,,,No
75562129,0, ,,,,,,
75566258,2,No,,,,,,No
75569153,2,No,,,,,,No
75569155,0,No,,,,,,No
75572850,0, ,,,,,,
75572852,1,No,,,,,,No
75587052,0,No,,,,,,No
75587054,0,S?Â¡,0.0,0.0,0.0,2.0,0.0,Sí
75600492,0,S?Â¡,0.0,0.0,0.0,0.0,0.0,Sí
75600496,0, ,,,,,,
75602598,1,No,,,,,,No
75618460,0,S?Â¡,1.0,0.0,1.0,1.0,0.0,Sí
75625505,3,S?Â¡,0.0,0.0,0.0,1.0,1.0,Sí
75628404,0, ,,,,,,
75631765,0,No,,,,,,No
75634524,2,No,,,,,,No
75644225,0,No,,,,,,No
75646401,0,No,,,,,,No
75648381,0,S?Â¡,0.0,0.0,0.0,1.0,0.0,Sí
75658167,2,No,,,,,,No
75658168,0,No,,,,,,No
75666206,0,No,,,,,,No
75681732,1,No,,,,,,No
75692207,2,No,,,,,,No
75694005,2,No,,,,,,No
75695612,1,No,,,,,,No
75703613,3,No,,,,,,No
75704080,1,No,,,,,,No
75705100,0,No,,,,,,No
75705366,1,No,,,,,,No
75708395,1,No,,,,,,No
75712346,0,No,,,,,,No
75718323,0,No,,,,,,No
75719722,0,S?Â¡,0.0,0.0,0.0,2.0,0.0,Sí
75720100,0, ,,,,,,
75727024,1,No,,,,,,No
75736953,1,No,,,,,,No
75740766,2,S?Â¡,0.0,0.0,0.0,1.0,0.0,Sí
75740768,2,No,,,,,,No
75750861,2,No,,,,,,No
75762348,0,S?Â¡,0.0,0.0,0.0,2.0,1.0,Sí
75763978,0,No,,,,,,No
75778895,1,No,,,,,,No
75817520,0,No,,,,,,No
75818968,0, ,,,,,,
75830541,0,S?Â¡,0.0,0.0,0.0,0.0,0.0,Sí
75857102,2,No,,,,,,No
75865036,1,No,,,,,,No
75901621,2,No,,,,,,No
75908553,0,No,,,,,,No
75920279,0,No,,,,,,No
75921841,0,No,,,,,,No
75927789,2,No,,,,,,No
75930966,2,S?Â¡,0.0,0.0,0.0,2.0,0.0,Sí
75931179,0, ,,,,,,
75932882,2,No,,,,,,No
75935086,1,No,,,,,,No
75935087,0,No,,,,,,No
75940411,2,No,,,,,,No
75944335,0,No,,,,,,No
75944716,1,S?Â¡,0.0,0.0,0.0,0.0,0.0,Sí
75945531,1,S?Â¡,0.0,0.0,0.0,0.0,1.0,Sí
75948780,1,S?Â¡,2.0,0.0,0.0,1.0,1.0,Sí
75964520,0,S?Â¡,0.0,0.0,0.0,0.0,0.0,Sí
75971343,0,S?Â¡,0.0,0.0,0.0,1.0,1.0,Sí
75981659,2,S?Â¡,0.0,0.0,0.0,1.0,0.0,Sí
75987401,0,No,,,,,,No
75992027,2,No,,,,,,No
75999822,1,No,,,,,,No
76000196,0,S?Â¡,0.0,0.0,0.0,2.0,0.0,Sí
76000892,0,No,,,,,,No
76002102,0,No,,,,,,No
76008699,0,S?Â¡,0.0,0.0,0.0,1.0,0.0,Sí
76008901,0,No,,,,,,No
76008902,0,No,,,,,,No
76017387,0,S?Â¡,0.0,0.0,0.0,2.0,0.0,Sí
76022056,1,No,,,,,,No
76023783,0,No,,,,,,No
76027557,0, ,,,,,,
76027559,2,No,,,,,,No
76029792,0,No,,,,,,No
76033136,1,No,,,,,,No
76056824,0,No,,,,,,No
76063883,0,No,,,,,,No
76067939,3,No,,,,,,No
76071121,0,No,,,,,,No
76071122,0,S?Â¡,0.0,0.0,0.0,1.0,1.0,Sí
76072046,0,S?Â¡,0.0,0.0,0.0,0.0,1.0,Sí
76086226,2,S?Â¡,0.0,0.0,0.0,1.0,2.0,Sí
76089076,4,No,,,,,,No
76090275,0, ,,,,,,
76090985,1,No,,,,,,No
76093436,2,No,,,,,,No
76096486,0, ,,,,,,
76100728,0,No,,,,,,No
76100752,2,No,,,,,,No
76101629,1,S?Â¡,0.0,0.0,0.0,1.0,1.0,Sí
76101754,1,No,,,,,,No
76104915,0,No,,,,,,No
76105653,1,No,,,,,,No
76107202,1,No,,,,,,No
76108835,0,S?Â¡,0.0,0.0,0.0,1.0,0.0,Sí
76110423,1,No,,,,,,No
76110595,0,S?Â¡,0.0,0.0,0.0,0.0,2.0,Sí
76110596,0,S?Â¡,0.0,0.0,0.0,0.0,2.0,Sí
76117819,1,No,,,,,,No
76124566,2,No,,,,,,No
76139446,0,No,,,,,,No
76155308,2,No,,,,,,No
76167765,0,No,,,,,,No
76169027,1,No,,,,,,No
76176650,1,No,,,,,,No
76187239,0,No,,,,,,No
76194497,3,No,,,,,,No
76194779,0,S?Â¡,0.0,0.0,0.0,0.0,0.0,Sí
76197979,0,S?Â¡,0.0,0.0,0.0,2.0,1.0,Sí
76197981,0,S?Â¡,0.0,0.0,0.0,2.0,1.0,Sí
76199016,1,S?Â¡,0.0,0.0,0.0,0.0,0.0,Sí
76200466,2,No,,,,,,No
76201144,0, ,,,,,,
76201857,0,No,,,,,,No
76202365,0,No,,,,,,No
76203382,1,S?Â¡,0.0,0.0,0.0,1.0,1.0,Sí
76206616,1,S?Â¡,0.0,0.0,0.0,2.0,1.0,Sí
76211211,0,No,,,,,,No
76211213,2,No,,,,,,No
76211869,0,No,,,,,,No
76215383,1,No,,,,,,No
76239365,0,No,,,,,,No
76249158,3,S?Â¡,0.0,0.0,0.0,2.0,0.0,Sí
76254646,0,S?Â¡,0.0,0.0,0.0,1.0,1.0,Sí
76254647,3,S?Â¡,0.0,0.0,0.0,1.0,1.0,Sí
76258626,0,S?Â¡,0.0,0.0,0.0,0.0,0.0,Sí
76258627,0,S?Â¡,0.0,0.0,0.0,0.0,1.0,Sí
76258628,0,S?Â¡,0.0,0.0,0.0,0.0,1.0,Sí
76264349,0,S?Â¡,0.0,0.0,0.0,0.0,1.0,Sí
76264351,0,S?Â¡,0.0,0.0,0.0,1.0,1.0,Sí
76268326,2,No,,,,,,No
76275571,0,No,,,,,,No
76275754,1,No,,,,,,No
76275970,0,No,,,,,,No
76278943,1,S?Â¡,1.0,0.0,1.0,2.0,0.0,Sí
76278946,2,No,,,,,,No
76287955,0,No,,,,,,No
76288541,2,No,,,,,,No
76293474,2,No,,,,,,No
76293545,0,S?Â¡,0.0,0.0,0.0,0.0,0.0,Sí
76293956,2,No,,,,,,No
76295905,1,No,,,,,,No
76297973,2,No,,,,,,No
76301385,0, ,,,,,,
76331964,0,No,,,,,,No
76335304,0,No,,,,,,No
76341237,0,No,,,,,,No
76343836,4,No,,,,,,No
76348509,0,No,,,,,,No
76349871,3,S?Â¡,0.0,0.0,0.0,2.0,1.0,Sí
76354533,0,S?Â¡,0.0,0.0,2.0,2.0,2.0,Sí
76355359,0,S?Â¡,0.0,0.0,0.0,1.0,0.0,Sí
76355360,0,S?Â¡,0.0,0.0,0.0,2.0,0.0,Sí
76357916,0,S?Â¡,0.0,0.0,1.0,1.0,0.0,Sí
76381496,1,S?Â¡,1.0,0.0,1.0,1.0,0.0,Sí
76381874,0, ,,,,,,
76389050,1,No,,,,,,No
76393342,0,S?Â¡,0.0,0.0,0.0,0.0,0.0,Sí
76393977,0,No,,,,,,No
76406725,1,S?Â¡,0.0,0.0,0.0,0.0,0.0,Sí
76412764,0,No,,,,,,No
76413398,1,No,,,,,,No
76416841,3,S?Â¡,0.0,0.0,0.0,1.0,1.0,Sí
76422650,0,No,,,,,,No
76452822,2,S?Â¡,0.0,0.0,0.0,1.0,1.0,Sí
76457365,2,No,,,,,,No
76459287,2,S?Â¡,0.0,0.0,0.0,1.0,0.0,Sí
76459294,3,No,,,,,,No
76469159,2,No,,,,,,No
76475822,0,No,,,,,,No
76501124,0,No,,,,,,No
76528525,0, ,,,,,,
76533129,0, ,,,,,,
76540923,0,S?Â¡,0.0,0.0,1.0,0.0,0.0,Sí
76540924,2,S?Â¡,0.0,0.0,0.0,2.0,0.0,Sí
76550905,0,No,,,,,,No
76554277,0,No,,,,,,No
76554278,1,No,,,,,,No
76560869,0,S?Â¡,0.0,0.0,0.0,1.0,0.0,Sí
76567196,0,No,,,,,,No
76570524,0,S?Â¡,0.0,0.0,1.0,1.0,1.0,Sí
76570525,0,S?Â¡,0.0,0.0,1.0,0.0,1.0,Sí
76572585,0, ,,,,,,
76572586,1,No,,,,,,No
76600974,0,No,,,,,,No
76614569,0,No,,,,,,No
76618692,2,No,,,,,,No
76618697,1,No,,,,,,No
76618700,0,S?Â¡,0.0,0.0,0.0,1.0,0.0,Sí
76631902,0,S?Â¡,0.0,0.0,1.0,2.0,1.0,Sí
76640048,0,S?Â¡,0.0,0.0,0.0,2.0,1.0,Sí
76640049,0,S?Â¡,0.0,0.0,0.0,0.0,1.0,Sí
76643724,0,No,,,,,,No
76646849,0,No,,,,,,No
76682490,0,S?Â¡,0.0,0.0,0.0,0.0,0.0,Sí
76690232,0,No,,,,,,No
76695568,0,No,,,,,,No
76701785,2,No,,,,,,No
76707745,0, ,,,,,,
76708027,0,S?Â¡,0.0,0.0,0.0,2.0,0.0,Sí
76724312,0,No,,,,,,No
76724489,0,S?Â¡,0.0,0.0,0.0,2.0,0.0,Sí
76724492,0,No,,,,,,No
76727344,0,No,,,,,,No
76735289,0,S?Â¡,0.0,0.0,1.0,1.0,1.0,Sí
76735291,0,No,,,,,,No
76738351,3,No,,,,,,No
76738876,3,No,,,,,,No
76741476,2,No,,,,,,No
76742732,0,NS/NC,,,,,,NS/NC
76743260,0,S?Â¡,0.0,0.0,0.0,1.0,0.0,Sí
76743592,0, ,,,,,,
76756234,3,S?Â¡,0.0,0.0,1.0,2.0,1.0,Sí
76756397,0,S?Â¡,0.0,0.0,0.0,1.0,0.0,Sí
76764583,1,No,,,,,,No
76769982,1,No,,,,,,No
76771901,1,S?Â¡,0.0,0.0,0.0,0.0,0.0,Sí
76775902,0,No,,,,,,No
76780915,1,S?Â¡,0.0,0.0,0.0,0.0,0.0,Sí
76797060,0,S?Â¡,0.0,0.0,0.0,1.0,1.0,Sí
76800913,0,S?Â¡,2.0,0.0,0.0,1.0,2.0,Sí
76806886,1,No,,,,,,No
76812710,2,S?Â¡,0.0,0.0,0.0,2.0,1.0,Sí
76819068,1,S?Â¡,0.0,0.0,1.0,1.0,0.0,Sí
76821878,0,No,,,,,,No
76826066,1,S?Â¡,0.0,0.0,0.0,2.0,2.0,Sí
76826067,3,S?Â¡,0.0,0.0,0.0,1.0,2.0,Sí
76829611,0,S?Â¡,0.0,0.0,1.0,1.0,0.0,Sí
76833496,0,No,,,,,,No
76834328,0, ,,,,,,
76837859,3,No,,,,,,No
76841388,0,No,,,,,,No
76843980,2,No,,,,,,No
76845523,4,S?Â¡,0.0,0.0,1.0,1.0,0.0,Sí
76845524,0,S?Â¡,0.0,0.0,0.0,1.0,0.0,Sí
76848773,0, ,,,,,,
76848781,4,S?Â¡,0.0,0.0,0.0,0.0,1.0,Sí
76860996,0,S?Â¡,0.0,0.0,0.0,1.0,0.0,Sí
76865987,0,No,,,,,,No
76875711,0,S?Â¡,0.0,0.0,0.0,0.0,0.0,Sí
76879647,0,S?Â¡,0.0,0.0,0.0,1.0,0.0,Sí
76884777,0,No,,,,,,No
76886653,1,S?Â¡,0.0,0.0,1.0,1.0,0.0,Sí
76886654,1,S?Â¡,0.0,0.0,0.0,1.0,1.0,Sí
76887447,0,S?Â¡,0.0,0.0,0.0,1.0,2.0,Sí
76903784,0,No,,,,,,No
76909329,0,No,,,,,,No
76912148,0, ,,,,,,
76914112,0,No,,,,,,No
76916459,0,S?Â¡,0.0,0.0,0.0,1.0,0.0,Sí
76917638,3,No,,,,,,No
76923953,1,No,,,,,,No
76926341,1,No,,,,,,No
76932718,1,S?Â¡,1.0,0.0,0.0,0.0,1.0,Sí
76935422,0, ,,,,,,
76935424,3,No,,,,,,No
76951545,2,No,,,,,,No
76952329,0,No,,,,,,No
76953847,0,S?Â¡,0.0,0.0,0.0,1.0,0.0,Sí
76953851,0,S?Â¡,0.0,0.0,0.0,1.0,1.0,Sí
76955938,0, ,,,,,,
76977503,1,S?Â¡,0.0,0.0,0.0,0.0,0.0,Sí
76985172,0,S?Â¡,0.0,1.0,1.0,1.0,1.0,Sí
76990602,1,S?Â¡,0.0,0.0,0.0,1.0,2.0,Sí
76990603,2,S?Â¡,0.0,0.0,1.0,0.0,2.0,Sí
76991771,2,No,,,,,,No
76992278,2,No,,,,,,No
76992280,0, ,,,,,,
77028526,3,S?Â¡,2.0,0.0,0.0,0.0,2.0,Sí
77068901,1,S?Â¡,0.0,0.0,0.0,0.0,1.0,Sí
77076711,0,S?Â¡,0.0,0.0,0.0,0.0,0.0,Sí
77076899,2,S?Â¡,2.0,0.0,0.0,1.0,2.0,Sí
77092830,0,S?Â¡,0.0,0.0,1.0,1.0,0.0,Sí
77094826,1,S?Â¡,0.0,0.0,1.0,0.0,0.0,Sí
77097532,1,S?Â¡,0.0,0.0,0.0,0.0,0.0,Sí
77140994,0, ,,,,,,
77144414,0,S?Â¡,0.0,0.0,0.0,0.0,1.0,Sí
77151947,2,No,,,,,,No
77155231,1,No,,,,,,No
77171627,0,S?Â¡,0.0,0.0,0.0,2.0,0.0,Sí
77176129,1,No,,,,,,No
77179510,0,No,,,,,,No
77183136,0, ,,,,,,
77184952,0,No,,,,,,No
77187821,1,No,,,,,,No
77190539,1,S?Â¡,2.0,0.0,0.0,1.0,2.0,Sí
77190540,0,S?Â¡,1.0,0.0,0.0,2.0,2.0,Sí
77190542,3,No,,,,,,No
77201679,0,S?Â¡,0.0,0.0,0.0,1.0,0.0,Sí
77202447,0,No,,,,,,No
77221373,2,S?Â¡,0.0,0.0,0.0,1.0,0.0,Sí
77223915,2,S?Â¡,0.0,0.0,0.0,0.0,0.0,Sí
77226668,2,S?Â¡,0.0,0.0,0.0,0.0,0.0,Sí
77226669,1,S?Â¡,0.0,0.0,0.0,0.0,0.0,Sí
77233187,1,No,,,,,,No
77250019,2,S?Â¡,0.0,0.0,0.0,1.0,1.0,Sí
77250021,0,No,,,,,,No
77256258,0,No,,,,,,No
77256259,0,No,,,,,,No
77258622,1,S?Â¡,0.0,0.0,0.0,2.0,0.0,Sí
77267107,1,No,,,,,,No
77267108,0,No,,,,,,No
77267832,0,S?Â¡,0.0,0.0,0.0,0.0,1.0,Sí
77267921,0, ,,,,,,
77272735,1,No,,,,,,No
77272736,0,No,,,,,,No
77280124,0,No,,,,,,No
77281786,3,S?Â¡,0.0,0.0,0.0,1.0,0.0,Sí
77282252,0,S?Â¡,0.0,0.0,0.0,2.0,0.0,Sí
77282303,0,S?Â¡,0.0,0.0,0.0,0.0,0.0,Sí
77283282,0,S?Â¡,0.0,0.0,0.0,1.0,0.0,Sí
77285121,0,S?Â¡,0.0,0.0,0.0,2.0,0.0,Sí
77285127,0,No,,,,,,No
77294844,1,No,,,,,,No
77295442,2,No,,,,,,No
77296534,1,No,,,,,,No
77317012,1,S?Â¡,0.0,0.0,1.0,1.0,0.0,Sí
77317210,1,S?Â¡,0.0,0.0,1.0,1.0,0.0,Sí
77318912,1,S?Â¡,0.0,0.0,0.0,0.0,0.0,Sí
77325024,0, ,,,,,,
77349545,1,S?Â¡,0.0,0.0,1.0,1.0,1.0,Sí
77349546,1,S?Â¡,0.0,1.0,1.0,1.0,1.0,Sí
77351632,2,No,,,,,,No
77369604,0, ,,,,,,
77378915,0,No,,,,,,No
77382119,1,No,,,,,,No
77390495,0,No,,,,,,No
77392064,0,S?Â¡,0.0,0.0,0.0,1.0,0.0,Sí
77402804,1,S?Â¡,1.0,0.0,0.0,2.0,1.0,Sí
77414335,0,No,,,,,,No
77434404,2,No,,,,,,No
77442577,0,S?Â¡,0.0,0.0,0.0,1.0,1.0,Sí
77442579,2,S?Â¡,0.0,0.0,0.0,0.0,0.0,Sí
77452606,0, ,,,,,,
77457159,0,S?Â¡,0.0,0.0,0.0,0.0,2.0,Sí
77457160,3,S?Â¡,0.0,0.0,0.0,0.0,1.0,Sí
77459255,0,S?Â¡,0.0,0.0,1.0,1.0,1.0,Sí
77464952,0, ,,,,,,
77469497,4,No,,,,,,No
77470183,2,No,,,,,,No
77473520,0,No,,,,,,No
77473521,0,No,,,,,,No
77481404,0,No,,,,,,No
77481405,0,No,,,,,,No
77483588,0,No,,,,,,No
77485083,1,No,,,,,,No
77518963,0,S?Â¡,1.0,0.0,0.0,0.0,0.0,Sí
77518965,0,S?Â¡,2.0,0.0,2.0,2.0,0.0,Sí
77518971,2,S?Â¡,2.0,0.0,0.0,0.0,0.0,Sí
77519672,0, ,,,,,,
77523922,0,No,,,,,,No
77523924,1,No,,,,,,No
77533810,1,No,,,,,,No
77543021,0,S?Â¡,0.0,0.0,1.0,2.0,1.0,Sí
77546553,0,No,,,,,,No
77555918,1,No,,,,,,No
77555919,1,No,,,,,,No
77565098,0,No,,,,,,No
77566335,2,S?Â¡,0.0,0.0,0.0,2.0,1.0,Sí
77566344,0,S?Â¡,0.0,0.0,1.0,2.0,1.0,Sí
77569091,0,No,,,,,,No
77569092,0, ,,,,,,
77573261,0,No,,,,,,No
77575225,0,No,,,,,,No
77577337,1,No,,,,,,No
77579834,0,S?Â¡,0.0,0.0,0.0,0.0,0.0,Sí
77580979,1,No,,,,,,No
77597285,0,No,,,,,,No
77597298,2,S?Â¡,0.0,0.0,0.0,0.0,0.0,Sí
77597299,0,S?Â¡,0.0,0.0,0.0,1.0,0.0,Sí
77601233,1,No,,,,,,No
77609428,0, ,,,,,,
77618164,0,No,,,,,,No
77618176,1,No,,,,,,No
77618877,0,S?Â¡,0.0,0.0,0.0,2.0,1.0,Sí
77618878,2,No,,,,,,No
77619260,1,No,,,,,,No
77624924,1,S?Â¡,0.0,0.0,0.0,0.0,1.0,Sí
77625277,0,S?Â¡,1.0,0.0,0.0,1.0,2.0,Sí
77625278,3,S?Â¡,0.0,0.0,0.0,1.0,2.0,Sí
77638846,2,S?Â¡,0.0,0.0,1.0,0.0,1.0,Sí
77639088,0,S?Â¡,0.0,0.0,0.0,2.0,0.0,Sí
77639924,0,S?Â¡,0.0,0.0,1.0,1.0,0.0,Sí
77641048,1,No,,,,,,No
77641322,0,S?Â¡,0.0,0.0,0.0,2.0,1.0,Sí
77641328,2,S?Â¡,1.0,0.0,0.0,0.0,2.0,Sí
77645461,0,No,,,,,,No
77649467,1,No,,,,,,No
77649469,0,No,,,,,,No
77651227,2,S?Â¡,0.0,0.0,0.0,2.0,0.0,Sí
77655415,0,No,,,,,,No
77657215,2,No,,,,,,No
77657220,2,No,,,,,,No
77658349,1,No,,,,,,No
77659752,0,No,,,,,,No
77663727,1,S?Â¡,0.0,0.0,0.0,0.0,0.0,Sí
77673339,2,No,,,,,,No
77683863,0,S?Â¡,0.0,,0.0,1.0,1.0,Sí
77685719,2,S?Â¡,0.0,0.0,0.0,2.0,0.0,Sí
77686854,0,S?Â¡,1.0,0.0,0.0,1.0,1.0,Sí
77686856,0,No,,,,,,No
77689954,2,S?Â¡,0.0,0.0,0.0,1.0,1.0,Sí
77696840,0,S?Â¡,2.0,0.0,0.0,2.0,1.0,Sí
77696841,0,S?Â¡,2.0,1.0,1.0,1.0,1.0,Sí
77699837,2,S?Â¡,1.0,0.0,0.0,0.0,1.0,Sí
77708682,0,S?Â¡,0.0,0.0,0.0,1.0,1.0,Sí
77709187,0,No,,,,,,No
77710059,0,S?Â¡,0.0,0.0,1.0,0.0,0.0,Sí
77716970,1,No,,,,,,No
77730411,0,No,,,,,,No
77736051,1,No,,,,,,No
77739855,2,No,,,,,,No
77763801,1,No,,,,,,No
77770089,0,S?Â¡,0.0,0.0,0.0,1.0,0.0,Sí
77770703,1,No,,,,,,No
77781435,0, ,,,,,,
77790654,1,S?Â¡,0.0,0.0,0.0,1.0,0.0,Sí
77793656,2,No,,,,,,No
77796680,2,No,,,,,,No
77798232,1,S?Â¡,0.0,0.0,0.0,0.0,1.0,Sí
77800548,1,No,,,,,,No
77804427,0,No,,,,,,No
77805649,2,No,,,,,,No
77806266,0,No,,,,,,No
77806332,2,S?Â¡,0.0,0.0,0.0,1.0,0.0,Sí
77806379,1,S?Â¡,0.0,0.0,0.0,2.0,0.0,Sí
77806382,1,No,,,,,,No
77807627,3,No,,,,,,No
77808556,0,No,,,,,,No
77811986,2,No,,,,,,No
77822643,0,No,,,,,,No
77824985,3,No,,,,,,No
77824989,0,No,,,,,,No
77825004,3,No,,,,,,No
77825009,2,S?Â¡,0.0,0.0,0.0,2.0,0.0,Sí
77825013,1,No,,,,,,No
77826045,0,S?Â¡,0.0,0.0,0.0,0.0,0.0,Sí
77827863,0, ,,,,,,
77841100,2,S?Â¡,0.0,0.0,0.0,0.0,0.0,Sí
77842597,3,S?Â¡,0.0,0.0,1.0,0.0,1.0,Sí
77845508,0,S?Â¡,0.0,0.0,0.0,0.0,0.0,Sí
77845810,0,No,,,,,,No
77853583,0,No,,,,,,No
77853586,1,No,,,,,,No
77855264,1,S?Â¡,0.0,0.0,0.0,1.0,0.0,Sí
77864584,0,S?Â¡,0.0,0.0,0.0,2.0,0.0,Sí
77871144,0,No,,,,,,No
77874365,2,No,,,,,,No
77874368,0,S?Â¡,0.0,0.0,1.0,0.0,0.0,Sí
77874372,0,S?Â¡,0.0,0.0,0.0,0.0,0.0,Sí
77876773,0,S?Â¡,0.0,0.0,1.0,1.0,1.0,Sí
77880320,3,No,,,,,,No
77885983,1,No,,,,,,No
77890803,0,No,,,,,,No
77891043,1,No,,,,,,No
77896398,0, ,,,,,,
77896399,0, ,,,,,,
77898532,0,S?Â¡,0.0,0.0,0.0,0.0,2.0,Sí
77901217,0,No,,,,,,No
77907657,0,No,,,,,,No
77908432,3,S?Â¡,0.0,,0.0,0.0,1.0,Sí
77908433,0,S?Â¡,0.0,0.0,0.0,1.0,0.0,Sí
77910419,2,S?Â¡,0.0,,1.0,1.0,0.0,Sí
77910420,3,S?Â¡,0.0,0.0,1.0,1.0,0.0,Sí
77926331,1,No,,,,,,No
77926332,0,No,,,,,,No
77937552,2,No,,,,,,No
77939030,0, ,,,,,,
77948587,0,S?Â¡,0.0,0.0,0.0,1.0,0.0,Sí
77950298,2,No,,,,,,No
77952140,2,No,,,,,,No
77953101,1,No,,,,,,No
77964570,0,No,,,,,,No
77967881,0,No,,,,,,No
77968008,3,S?Â¡,1.0,0.0,1.0,1.0,0.0,Sí
77968032,1,S?Â¡,0.0,0.0,1.0,0.0,0.0,Sí
77969973,1,S?Â¡,0.0,0.0,0.0,1.0,0.0,Sí
77970414,0,No,,,,,,No
77971835,0,No,,,,,,No
77975718,3,S?Â¡,0.0,0.0,0.0,0.0,1.0,Sí
77978283,2,No,,,,,,No
77979347,1,S?Â¡,0.0,0.0,0.0,0.0,0.0,Sí
77979348,1,S?Â¡,0.0,0.0,0.0,0.0,0.0,Sí
77987217,1,No,,,,,,No
77988329,0,No,,,,,,No
77990461,0,S?Â¡,0.0,0.0,0.0,0.0,0.0,Sí
78023054,1,No,,,,,,No
78029261,2,No,,,,,,No
78031907,0,No,,,,,,No
78033336,2,No,,,,,,No
78033889,0,No,,,,,,No
78034427,1,No,,,,,,No
78036387,2,No,,,,,,No
78038831,2,No,,,,,,No
78040358,1,No,,,,,,No
78042103,0,S?Â¡,2.0,0.0,0.0,2.0,0.0,Sí
78043672,3,S?Â¡,1.0,0.0,0.0,1.0,2.0,Sí
78045518,0,No,,,,,,No
78047282,0,No,,,,,,No
78047285,1,No,,,,,,No
78047439,0, ,,,,,,
78048885,0, ,,,,,,
78049433,2,No,,,,,,No
78052844,0,No,,,,,,No
78053767,0,No,,,,,,No
78054527,2,No,,,,,,No
78060712,2,No,,,,,,No
78063881,0, ,,,,,,
78066143,0,S?Â¡,0.0,0.0,1.0,0.0,2.0,Sí
78066176,0,No,,,,,,No
78067041,0,S?Â¡,0.0,0.0,0.0,0.0,0.0,Sí
78067736,0,No,,,,,,No
78068063,1,S?Â¡,0.0,0.0,0.0,0.0,0.0,Sí
78068072,0, ,,,,,,
78070174,2,S?Â¡,0.0,0.0,0.0,2.0,1.0,Sí
78070182,2,No,,,,,,No
78070183,0, ,,,,,,
78071340,0,No,,,,,,No
78080383,0,No,,,,,,No
78088483,2,S?Â¡,0.0,0.0,0.0,0.0,0.0,Sí
78089476,0, ,,,,,,
78092361,0,S?Â¡,0.0,0.0,1.0,2.0,1.0,Sí
78095041,1,S?Â¡,0.0,0.0,0.0,1.0,0.0,Sí
78097303,0,S?Â¡,0.0,0.0,0.0,1.0,0.0,Sí
78101615,2,No,,,,,,No
78101900,3,No,,,,,,No
78103945,1,S?Â¡,,0.0,1.0,1.0,1.0,Sí
78103946,0,No,,,,,,No
78117191,1,S?Â¡,0.0,0.0,1.0,2.0,2.0,Sí
78124346,0,S?Â¡,0.0,0.0,0.0,1.0,0.0,Sí
78124348,1,S?Â¡,0.0,0.0,0.0,2.0,0.0,Sí
78124349,2,No,,,,,,No
78126140,0,S?Â¡,0.0,0.0,0.0,1.0,1.0,Sí
78126645,1,No,,,,,,No
78126646,2,No,,,,,,No
78127242,4,No,,,,,,No
78134244,2,No,,,,,,No
78135124,0,No,,,,,,No
78150999,2,S?Â¡,0.0,0.0,0.0,2.0,0.0,Sí
78164250,1,No,,,,,,No
78164384,0,No,,,,,,No
78164690,0,S?Â¡,0.0,0.0,0.0,2.0,1.0,Sí
78164932,0,S?Â¡,0.0,0.0,0.0,0.0,0.0,Sí
78168562,2,No,,,,,,No
78171176,2,No,,,,,,No
78186400,2,No,,,,,,No
78186661,1,No,,,,,,No
78187499,0,No,,,,,,No
78192715,1,S?Â¡,0.0,0.0,2.0,0.0,0.0,Sí
78193639,2,No,,,,,,No
78194666,0, ,,,,,,
78208066,3,No,,,,,,No
78209811,1,S?Â¡,0.0,0.0,0.0,1.0,1.0,Sí
78211461,0,No,,,,,,No
78212955,0,No,,,,,,No
78229005,0, ,,,,,,
78235527,0,No,,,,,,No
78244676,0,No,,,,,,No
78246323,0,S?Â¡,0.0,0.0,0.0,0.0,0.0,Sí
78246324,1,S?Â¡,0.0,0.0,0.0,2.0,0.0,Sí
78247456,1,No,,,,,,No
78250414,0,S?Â¡,0.0,0.0,0.0,2.0,0.0,Sí
78257748,0,No,,,,,,No
78260433,0,No,,,,,,No
78271391,0,No,,,,,,No
78274188,3,S?Â¡,2.0,0.0,0.0,0.0,0.0,Sí
78274542,0, ,,,,,,
78280140,0,No,,,,,,No
78280931,0,No,,,,,,No
78280932,0,No,,,,,,No
78280933,0,No,,,,,,No
78284257,0, ,,,,,,
78324364,1,No,,,,,,No
78330699,0, ,,,,,,
78336479,0,No,,,,,,No
78338038,0, ,,,,,,
78338864,0, ,,,,,,
78338865,0,No,,,,,,No
78350679,2,No,,,,,,No
78350680,3,No,,,,,,No
78355969,0,No,,,,,,No
78357074,0,No,,,,,,No
78357580,0,No,,,,,,No
78357581,0,No,,,,,,No
78357981,0,S?Â¡,0.0,0.0,0.0,0.0,0.0,Sí
78360783,1,No,,,,,,No
78364542,1,No,,,,,,No
78366156,0,No,,,,,,No
78371059,0,No,,,,,,No
78371274,0,No,,,,,,No
78375321,2,No,,,,,,No
78381008,0,No,,,,,,No
78381424,0,No,,,,,,No
78381429,2,No,,,,,,No
78383431,0,S?Â¡,0.0,0.0,0.0,0.0,0.0,Sí
78384845,0,S?Â¡,0.0,0.0,0.0,0.0,0.0,Sí
78399186,0, ,,,,,,
78402733,1,S?Â¡,0.0,0.0,0.0,0.0,1.0,Sí
78405589,0,S?Â¡,0.0,0.0,1.0,0.0,2.0,Sí
78405590,0,S?Â¡,0.0,0.0,0.0,0.0,0.0,Sí
78405591,0,S?Â¡,0.0,0.0,0.0,0.0,0.0,Sí
78414640,0, ,,,,,,
78421119,4,No,,,,,,No
78421121,0, ,,,,,,
78421497,0,S?Â¡,0.0,0.0,0.0,1.0,2.0,Sí
78426746,1,S?Â¡,0.0,0.0,0.0,1.0,1.0,Sí
78427045,0,S?Â¡,0.0,0.0,0.0,0.0,1.0,Sí
78431433,0,S?Â¡,0.0,0.0,1.0,2.0,1.0,Sí
78441100,0, ,,,,,,
78444458,0,S?Â¡,0.0,0.0,0.0,1.0,1.0,Sí
78447353,0, ,,,,,,
78447417,0, ,,,,,,
78448795,1,No,,,,,,No
78451395,0,S?Â¡,0.0,0.0,0.0,0.0,1.0,Sí
78454544,0,S?Â¡,0.0,0.0,1.0,2.0,0.0,Sí
78454545,0, ,,,,,,
78455788,1,S?Â¡,0.0,0.0,1.0,0.0,1.0,Sí
78458289,0,No,,,,,,No
78458985,0,No,,,,,,No
78458986,0,No,,,,,,No
78459806,0,No,,,,,,No
78464406,3,No,,,,,,No
78481286,0,No,,,,,,No
78481287,1,No,,,,,,No
78489906,3,S?Â¡,0.0,0.0,0.0,2.0,0.0,Sí
78491165,1,S?Â¡,0.0,0.0,0.0,1.0,2.0,Sí
78491806,0, ,,,,,,
78504832,1,No,,,,,,No
78505794,1,No,,,,,,No
78510004,1,No,,,,,,No
78513274,1,S?Â¡,2.0,0.0,1.0,0.0,0.0,Sí
78514590,0,S?Â¡,0.0,0.0,0.0,0.0,0.0,Sí
78517465,0, ,,,,,,
78517615,3,S?Â¡,0.0,0.0,1.0,0.0,2.0,Sí
78517778,0, ,,,,,,
78520957,1,S?Â¡,0.0,0.0,0.0,0.0,1.0,Sí
78525111,0,S?Â¡,0.0,0.0,0.0,0.0,1.0,Sí
78528823,0,S?Â¡,0.0,0.0,0.0,2.0,1.0,Sí
78538870,0, ,,,,,,
78539114,0,No,,,,,,No
78541936,2,S?Â¡,0.0,0.0,0.0,0.0,0.0,Sí
78541938,0, ,,,,,,
78554869,1,No,,,,,,No
78563661,2,No,,,,,,No
78570512,0,No,,,,,,No
78573018,0, ,,,,,,
78577443,3,No,,,,,,No
78579965,0, ,,,,,,
78588121,2,S?Â¡,0.0,0.0,0.0,1.0,1.0,Sí
78591221,1,No,,,,,,No
78593259,2,No,,,,,,No
78594364,1,No,,,,,,No
78603815,4,No,,,,,,No
78604023,2,S?Â¡,0.0,0.0,1.0,1.0,0.0,Sí
78604026,1,S?Â¡,0.0,0.0,0.0,0.0,0.0,Sí
78604027,3,S?Â¡,0.0,0.0,1.0,0.0,0.0,Sí
78604029,2,No,,,,,,No
78604128,0,No,,,,,,No
78604790,2,S?Â¡,0.0,0.0,0.0,2.0,0.0,Sí
78607512,1,No,,,,,,No
78611848,0,S?Â¡,0.0,0.0,0.0,2.0,0.0,Sí
78612459,3,No,,,,,,No
78613332,1,No,,,,,,No
78617779,1,No,,,,,,No
78620269,2,No,,,,,,No
78625658,1,S?Â¡,0.0,0.0,0.0,1.0,0.0,Sí
78625688,1,No,,,,,,No
78626226,1,No,,,,,,No
78641930,0,No,,,,,,No
78641933,0,S?Â¡,0.0,0.0,0.0,0.0,0.0,Sí
78642046,0,S?Â¡,0.0,0.0,0.0,0.0,0.0,Sí
78646831,3,No,,,,,,No
78649690,0,S?Â¡,0.0,0.0,0.0,0.0,0.0,Sí
78651821,2,S?Â¡,0.0,0.0,0.0,1.0,1.0,Sí
78651822,1,S?Â¡,1.0,0.0,0.0,0.0,1.0,Sí
78653426,0,No,,,,,,No
78655606,3,S?Â¡,0.0,1.0,1.0,1.0,2.0,Sí
78655877,2,No,,,,,,No
78665780,1,S?Â¡,0.0,0.0,0.0,0.0,0.0,Sí
78666597,0,S?Â¡,1.0,0.0,0.0,1.0,1.0,Sí
78677608,2,S?Â¡,0.0,0.0,1.0,1.0,1.0,Sí
78683590,1,No,,,,,,No
78684241,0,S?Â¡,0.0,0.0,0.0,2.0,0.0,Sí
78687078,0, ,,,,,,
78690542,0,S?Â¡,0.0,0.0,0.0,2.0,0.0,Sí
78692046,0,No,,,,,,No
78697699,0,S?Â¡,0.0,0.0,0.0,1.0,1.0,Sí
78698906,1,S?Â¡,0.0,0.0,0.0,1.0,0.0,Sí
78702894,1,No,,,,,,No
78704035,1,S?Â¡,0.0,0.0,0.0,0.0,0.0,Sí
78704248,2,No,,,,,,No
78709626,2,S?Â¡,0.0,0.0,0.0,2.0,1.0,Sí
78719891,0, ,,,,,,
78722370,2,S?Â¡,1.0,0.0,0.0,2.0,1.0,Sí
78730773,1,S?Â¡,0.0,0.0,0.0,2.0,2.0,Sí
78732447,2,No,,,,,,No
78734099,0,No,,,,,,No
78737768,0,S?Â¡,1.0,0.0,0.0,0.0,0.0,Sí
78741512,0,No,,,,,,No
78744847,0,No,,,,,,No
78746739,0,S?Â¡,0.0,0.0,0.0,2.0,0.0,Sí
78755949,0,No,,,,,,No
78755950,0,No,,,,,,No
78759333,0,S?Â¡,0.0,0.0,1.0,1.0,0.0,Sí
78760284,0,S?Â¡,0.0,0.0,0.0,1.0,0.0,Sí
78761500,1,No,,,,,,No
78765639,0,No,,,,,,No
78767692,1,No,,,,,,No
78769807,0,S?Â¡,0.0,0.0,0.0,0.0,0.0,Sí
78769808,1,S?Â¡,0.0,0.0,0.0,1.0,1.0,Sí
78769809,1,No,,,,,,No
78775091,1,No,,,,,,No
78793312,0,No,,,,,,No
78795264,2,No,,,,,,No
78800648,0,No,,,,,,No
78800649,2,No,,,,,,No
78800650,2,No,,,,,,No
78810849,0,No,,,,,,No
78812078,0,No,,,,,,No
78819446,1,No,,,,,,No
78819448,1,No,,,,,,No
78823419,1,S?Â¡,0.0,0.0,0.0,1.0,0.0,Sí
78856338,0, ,,,,,,
78863480,1,No,,,,,,No
78863489,0,No,,,,,,No
78891947,0, ,,,,,,
78905085,0,No,,,,,,No
78908299,2,No,,,,,,No
78911210,0,No,,,,,,No
78912927,0,No,,,,,,No
78922399,0,No,,,,,,No
78922403,1,S?Â¡,2.0,0.0,0.0,1.0,2.0,Sí
78927464,2,No,,,,,,No
78931228,0, ,,,,,,
78931229,0,S?Â¡,1.0,0.0,0.0,1.0,0.0,Sí
78934709,0, ,,,,,,
78941977,0,No,,,,,,No
78941980,0,S?Â¡,0.0,0.0,0.0,0.0,2.0,Sí
78942091,0,S?Â¡,0.0,0.0,1.0,1.0,1.0,Sí
78942094,0,S?Â¡,0.0,0.0,1.0,1.0,1.0,Sí
78955045,0, ,,,,,,
78955190,0,No,,,,,,No
78959579,0,S?Â¡,0.0,0.0,0.0,1.0,2.0,Sí
78960815,0,No,,,,,,No
78981676,2,No,,,,,,No
78987883,0,S?Â¡,0.0,0.0,0.0,2.0,1.0,Sí
78992251,2,No,,,,,,No
78999828,0,No,,,,,,No
78999864,0,No,,,,,,No
79002025,0,No,,,,,,No
79021250,0,S?Â¡,0.0,0.0,0.0,0.0,0.0,Sí
79023677,0,No,,,,,,No
79028679,0,No,,,,,,No
79031515,0,No,,,,,,No
79031516,0,No,,,,,,No
79031525,2,S?Â¡,0.0,2.0,1.0,0.0,0.0,Sí
79031963,4,No,,,,,,No
79032602,2,No,,,,,,No
79033829,1,S?Â¡,0.0,0.0,0.0,0.0,0.0,Sí
79034285,0,S?Â¡,0.0,0.0,0.0,1.0,1.0,Sí
79035035,0, ,,,,,,
79035036,0,NS/NC,,,,,,NS/NC
79035472,0,No,,,,,,No
79035475,2,No,,,,,,No
79037295,2,No,,,,,,No
79038225,0,S?Â¡,1.0,0.0,0.0,2.0,1.0,Sí
79038406,0,No,,,,,,No
79038408,0,No,,,,,,No
79039113,0,S?Â¡,0.0,0.0,0.0,1.0,1.0,Sí
79041994,0,No,,,,,,No
79048858,1,No,,,,,,No
79048861,0,No,,,,,,No
79048862,0,No,,,,,,No
79067730,0,S?Â¡,0.0,0.0,0.0,2.0,2.0,Sí
79067731,0,No,,,,,,No
79071460,1,No,,,,,,No
79072486,0,S?Â¡,1.0,0.0,1.0,2.0,1.0,Sí
79072489,3,No,,,,,,No
79077330,0, ,,,,,,
79084225,1,No,,,,,,No
79091612,0,S?Â¡,0.0,0.0,0.0,2.0,0.0,Sí
79101142,0,NS/NC,,,,,,NS/NC
79108331,0, ,,,,,,
79111682,0,S?Â¡,0.0,0.0,1.0,1.0,1.0,Sí
79117563,0,S?Â¡,0.0,0.0,0.0,0.0,2.0,Sí
79117565,0,No,,,,,,No
79129018,1,No,,,,,,No
79129099,1,S?Â¡,0.0,0.0,0.0,2.0,1.0,Sí
79130947,1,No,,,,,,No
79134253,0,S?Â¡,0.0,0.0,0.0,0.0,0.0,Sí
79134896,0,S?Â¡,0.0,0.0,0.0,0.0,2.0,Sí
79139799,1,No,,,,,,No
79141575,0,No,,,,,,No
79141847,3,No,,,,,,No
79162636,2,No,,,,,,No
79162637,0,No,,,,,,No
79163637,0,S?Â¡,0.0,0.0,0.0,0.0,0.0,Sí
79172442,0,S?Â¡,0.0,0.0,0.0,0.0,0.0,Sí
79174823,1,No,,,,,,No
79181562,0,No,,,,,,No
79190941,0,No,,,,,,No
79193122,0,S?Â¡,0.0,0.0,0.0,1.0,0.0,Sí
79194098,0,S?Â¡,0.0,0.0,1.0,2.0,0.0,Sí
79202621,2,No,,,,,,No
79206184,0,S?Â¡,0.0,0.0,0.0,0.0,1.0,Sí
79206185,1,S?Â¡,0.0,0.0,1.0,1.0,0.0,Sí
79209926,0, ,,,,,,
79214789,1,No,,,,,,No
79215686,1,S?Â¡,0.0,0.0,0.0,0.0,0.0,Sí
79226823,0,No,,,,,,No
79229336,0, ,,,,,,
79229384,1,No,,,,,,No
79229386,1,No,,,,,,No
79229388,0,No,,,,,,No
79229420,0, ,,,,,,
79229453,2,No,,,,,,No
79229460,2,No,,,,,,No
79235414,0,No,,,,,,No
79258875,0,No,,,,,,No
79259351,3,No,,,,,,No
79259352,4,No,,,,,,No
79271865,1,S?Â¡,0.0,0.0,1.0,1.0,1.0,Sí
79272928,0, ,,,,,,
79273527,0,NS/NC,,,,,,NS/NC
79278262,0, ,,,,,,
79281862,1,No,,,,,,No
79288131,3,S?Â¡,1.0,0.0,,1.0,0.0,Sí
79290854,2,No,,,,,,No
79295463,0,No,,,,,,No
79298744,1,No,,,,,,No
79298792,0,S?Â¡,0.0,0.0,1.0,1.0,0.0,Sí
79298793,0,S?Â¡,0.0,0.0,1.0,0.0,1.0,Sí
79298795,0,S?Â¡,0.0,0.0,1.0,1.0,1.0,Sí
79300087,0,No,,,,,,No
79303836,2,S?Â¡,0.0,0.0,0.0,0.0,1.0,Sí
79304318,1,No,,,,,,No
79308660,0,No,,,,,,No
79308666,0,S?Â¡,0.0,0.0,0.0,0.0,1.0,Sí
79310519,0,No,,,,,,No
79312478,1,No,,,,,,No
79313413,0, ,,,,,,
79320865,0,No,,,,,,No
79322361,0,S?Â¡,0.0,0.0,0.0,0.0,1.0,Sí
79322375,0,S?Â¡,0.0,0.0,0.0,1.0,1.0,Sí
79330398,0,No,,,,,,No
79344692,0,S?Â¡,1.0,0.0,0.0,0.0,1.0,Sí
79346005,0,No,,,,,,No
79346381,1,No,,,,,,No
79350189,0,S?Â¡,0.0,0.0,0.0,2.0,0.0,Sí
79350429,1,No,,,,,,No
79357443,0,No,,,,,,No
79374271,1,S?Â¡,0.0,1.0,2.0,2.0,1.0,Sí
79381018,2,No,,,,,,No
79388188,2,S?Â¡,2.0,0.0,1.0,1.0,1.0,Sí
79390870,0, ,,,,,,
79400695,0,No,,,,,,No
79406608,0,No,,,,,,No
79434098,1,No,,,,,,No
79435696,3,No,,,,,,No
79467897,0, ,,,,,,
79480682,0,S?Â¡,0.0,0.0,0.0,0.0,0.0,Sí
79486156,3,No,,,,,,No
79496238,0,S?Â¡,1.0,0.0,0.0,1.0,1.0,Sí
79496239,0,S?Â¡,0.0,0.0,0.0,0.0,0.0,Sí
79496247,2,S?Â¡,1.0,0.0,1.0,1.0,0.0,Sí
79503445,1,S?Â¡,0.0,0.0,0.0,0.0,0.0,Sí
79504086,0,No,,,,,,No
79538459,0,S?Â¡,0.0,0.0,0.0,2.0,0.0,Sí
79541553,1,No,,,,,,No
79542525,1,No,,,,,,No
79542724,1,S?Â¡,0.0,0.0,0.0,0.0,0.0,Sí
79543019,0,S?Â¡,0.0,0.0,0.0,0.0,0.0,Sí
79549695,0,S?Â¡,0.0,0.0,0.0,0.0,0.0,Sí
79551774,2,No,,,,,,No
79568814,0,No,,,,,,No
79573830,0,S?Â¡,0.0,0.0,1.0,1.0,1.0,Sí
79573832,1,No,,,,,,No
79589180,1,S?Â¡,0.0,0.0,0.0,0.0,0.0,Sí
79589182,1,S?Â¡,0.0,0.0,0.0,0.0,0.0,Sí
79591581,2,No,,,,,,No
79591583,1,No,,,,,,No
79591639,1,No,,,,,,No
79592006,1,S?Â¡,0.0,0.0,0.0,1.0,0.0,Sí
79592010,0,No,,,,,,No
79592013,2,No,,,,,,No
79593570,0, ,,,,,,
79593571,0,No,,,,,,No
79597323,0,S?Â¡,1.0,0.0,0.0,0.0,1.0,Sí
79598832,0,S?Â¡,2.0,0.0,0.0,1.0,2.0,Sí
79602319,0,No,,,,,,No
79602320,1,No,,,,,,No
79602322,0, ,,,,,,
79602607,1,No,,,,,,No
79603727,1,No,,,,,,No
79603728,1,No,,,,,,No
79607659,0,No,,,,,,No
79607660,1,No,,,,,,No
79626352,2,No,,,,,,No
79639145,0,No,,,,,,No
79647888,2,No,,,,,,No
79659788,0,S?Â¡,2.0,0.0,0.0,2.0,1.0,Sí
79659795,3,S?Â¡,2.0,1.0,1.0,0.0,1.0,Sí
79662365,0,S?Â¡,0.0,0.0,0.0,1.0,0.0,Sí
79671161,1,S?Â¡,0.0,0.0,0.0,1.0,0.0,Sí
79676164,0,S?Â¡,0.0,0.0,0.0,1.0,0.0,Sí
79677543,0,No,,,,,,No
79677544,0,No,,,,,,No
79677616,1,No,,,,,,No
79677995,2,S?Â¡,0.0,0.0,0.0,0.0,2.0,Sí
79679631,0, ,,,,,,
79680686,0,No,,,,,,No
79683191,1,No,,,,,,No
79683192,0,S?Â¡,0.0,0.0,0.0,2.0,1.0,Sí
79684532,0,S?Â¡,0.0,0.0,0.0,0.0,1.0,Sí
79684923,0,S?Â¡,0.0,0.0,0.0,2.0,1.0,Sí
79684927,0,No,,,,,,No
79685690,1,S?Â¡,0.0,0.0,0.0,2.0,1.0,Sí
79690204,1,No,,,,,,No
79691720,2,S?Â¡,0.0,0.0,0.0,0.0,0.0,Sí
79696433,0,S?Â¡,0.0,0.0,0.0,0.0,0.0,Sí
79698276,1,S?Â¡,0.0,0.0,1.0,1.0,1.0,Sí
79699540,1,S?Â¡,0.0,0.0,0.0,0.0,1.0,Sí
79701176,3,No,,,,,,No
79702779,0,No,,,,,,No
79724485,0,S?Â¡,1.0,0.0,0.0,1.0,2.0,Sí
79741392,3,S?Â¡,1.0,0.0,1.0,0.0,0.0,Sí
79748635,0, ,,,,,,
79754555,1,No,,,,,,No
79754910,0,No,,,,,,No
79756403,3,No,,,,,,No
79767217,0,S?Â¡,0.0,0.0,0.0,0.0,1.0,Sí
79767218,0,S?Â¡,0.0,0.0,0.0,0.0,1.0,Sí
79767222,0,S?Â¡,0.0,0.0,0.0,0.0,2.0,Sí
79769537,3,No,,,,,,No
79771884,0,S?Â¡,0.0,0.0,0.0,0.0,0.0,Sí
79772435,0, ,,,,,,
79776325,0, ,,,,,,
79776326,0,S?Â¡,0.0,0.0,0.0,0.0,0.0,Sí
79776327,0,No,,,,,,No
79777129,2,No,,,,,,No
79777131,1,No,,,,,,No
79784873,0,S?Â¡,0.0,0.0,0.0,0.0,0.0,Sí
79789004,0, ,,,,,,
79793086,1,No,,,,,,No
79794393,3,S?Â¡,1.0,0.0,0.0,2.0,1.0,Sí
79800545,0,No,,,,,,No
79807921,4,No,,,,,,No
79807922,0,No,,,,,,No
79807926,0,S?Â¡,0.0,0.0,0.0,1.0,1.0,Sí
79820085,1,S?Â¡,0.0,0.0,0.0,2.0,0.0,Sí
79828308,0,No,,,,,,No
79845776,0,No,,,,,,No
79845780,3,No,,,,,,No
79845794,0, ,,,,,,
79849320,2,No,,,,,,No
79852592,0,S?Â¡,0.0,0.0,0.0,0.0,0.0,Sí
79866463,0,No,,,,,,No
79867692,2,No,,,,,,No
79869556,0,S?Â¡,0.0,0.0,0.0,1.0,1.0,Sí
79870951,1,No,,,,,,No
79870954,0,No,,,,,,No
79870955,0,No,,,,,,No
79871220,0,No,,,,,,No
79875099,4,S?Â¡,1.0,0.0,0.0,2.0,1.0,Sí
79885327,1,No,,,,,,No
79903671,0,No,,,,,,No
79903755,2,S?Â¡,0.0,0.0,0.0,0.0,0.0,Sí
79903759,0,No,,,,,,No
79911112,1,No,,,,,,No
79913172,0,No,,,,,,No
79913173,0,No,,,,,,No
79934119,0,No,,,,,,No
79935208,0, ,,,,,,
79953368,0,S?Â¡,0.0,0.0,0.0,1.0,0.0,Sí
79954629,0,No,,,,,,No
79959830,0,S?Â¡,0.0,0.0,0.0,2.0,0.0,Sí
79967183,0,No,,,,,,No
79970317,0,No,,,,,,No
79971255,0,S?Â¡,0.0,0.0,0.0,1.0,1.0,Sí
79971256,0,S?Â¡,0.0,0.0,0.0,0.0,0.0,Sí
79971257,1,S?Â¡,0.0,0.0,0.0,0.0,0.0,Sí
79974395,1,No,,,,,,No
79975599,1,No,,,,,,No
79975723,0,S?Â¡,0.0,0.0,0.0,0.0,0.0,Sí
79976283,1,S?Â¡,0.0,0.0,0.0,1.0,0.0,Sí
79976712,1,No,,,,,,No
80004367,0,S?Â¡,0.0,0.0,0.0,0.0,1.0,Sí
80007132,0,S?Â¡,1.0,0.0,0.0,1.0,1.0,Sí
80007139,0,S?Â¡,1.0,0.0,0.0,1.0,1.0,Sí
80013495,2,S?Â¡,0.0,0.0,0.0,0.0,0.0,Sí
80013496,1,No,,,,,,No
80014088,0,No,,,,,,No
80014299,0, ,,,,,,
80022857,0,No,,,,,,No
80023346,1,No,,,,,,No
80023349,2,S?Â¡,0.0,0.0,0.0,0.0,2.0,Sí
80025548,1,No,,,,,,No
80025752,0,No,,,,,,No
80031539,1,No,,,,,,No
80038213,2,No,,,,,,No
80041357,0,No,,,,,,No
80043186,0,S?Â¡,0.0,0.0,1.0,1.0,1.0,Sí
80045547,0,S?Â¡,1.0,0.0,0.0,1.0,1.0,Sí
80048681,0, ,,,,,,
80048683,0,No,,,,,,No
80048684,0,No,,,,,,No
80048685,0,No,,,,,,No
80049247,1,No,,,,,,No
80049248,0,No,,,,,,No
80051852,0,No,,,,,,No
80052845,3,S?Â¡,0.0,0.0,0.0,0.0,0.0,Sí
80059480,0,No,,,,,,No
80065624,3,No,,,,,,No
80072396,3,No,,,,,,No
80072673,1,S?Â¡,0.0,0.0,0.0,0.0,1.0,Sí
80074331,0,S?Â¡,0.0,0.0,1.0,1.0,2.0,Sí
80074334,2,S?Â¡,0.0,0.0,0.0,0.0,1.0,Sí
80089373,0,No,,,,,,No
80089375,0,No,,,,,,No
80115998,0,S?Â¡,2.0,0.0,0.0,1.0,1.0,Sí
80118782,0,No,,,,,,No
80119710,0,No,,,,,,No
80121606,0,No,,,,,,No
80151267,0,S?Â¡,1.0,0.0,0.0,1.0,0.0,Sí
80151270,1,No,,,,,,No
80153072,0,S?Â¡,0.0,0.0,0.0,1.0,0.0,Sí
80154249,0,No,,,,,,No
80159277,0, ,,,,,,
80189212,0,No,,,,,,No
80204039,0,S?Â¡,0.0,0.0,0.0,2.0,0.0,Sí
80207093,0, ,,,,,,
80215734,1,No,,,,,,No
80220506,0, ,,,,,,
80242848,1,No,,,,,,No
80243290,2,S?Â¡,1.0,0.0,0.0,1.0,1.0,Sí
80243297,0,No,,,,,,No
80245294,0,S?Â¡,0.0,0.0,1.0,0.0,,Sí
80246472,0, ,,,,,,
80246922,2,No,,,,,,No
80248925,2,No,,,,,,No
80266555,2,No,,,,,,No
80266559,0,S?Â¡,0.0,0.0,0.0,2.0,1.0,Sí
80268332,0,No,,,,,,No
80268334,0,No,,,,,,No
80274973,1,S?Â¡,0.0,0.0,0.0,1.0,2.0,Sí
80277326,0,No,,,,,,No
80278914,0,S?Â¡,0.0,0.0,0.0,0.0,0.0,Sí
80285413,3,No,,,,,,No
80289958,0,No,,,,,,No
80302175,1,No,,,,,,No
80302176,1,No,,,,,,No
80303335,1,No,,,,,,No
80303337,2,No,,,,,,No
80304430,1,No,,,,,,No
80311131,1,S?Â¡,0.0,0.0,0.0,1.0,1.0,Sí
80311619,0,S?Â¡,0.0,0.0,0.0,2.0,0.0,Sí
80312123,0,S?Â¡,0.0,0.0,0.0,0.0,0.0,Sí
80312125,0, ,,,,,,
80315582,0,No,,,,,,No
80322520,0,No,,,,,,No
80322772,0, ,,,,,,
80322776,0,S?Â¡,1.0,0.0,1.0,1.0,0.0,Sí
80325977,0,S?Â¡,0.0,0.0,0.0,1.0,0.0,Sí
80330750,2,S?Â¡,0.0,0.0,0.0,1.0,0.0,Sí
80337243,1,No,,,,,,No
80337760,0,No,,,,,,No
80337984,0,No,,,,,,No
80347951,0,No,,,,,,No
80362713,1,No,,,,,,No
80367105,0,No,,,,,,No
80371684,0,S?Â¡,1.0,0.0,0.0,2.0,0.0,Sí
80373239,1,No,,,,,,No
80386100,2,No,,,,,,No
80386957,0,No,,,,,,No
80389133,0,S?Â¡,0.0,0.0,0.0,1.0,1.0,Sí
80389540,0,No,,,,,,No
80390119,0,S?Â¡,0.0,0.0,1.0,1.0,1.0,Sí
80405760,0,No,,,,,,No
80412529,0,S?Â¡,0.0,0.0,1.0,1.0,0.0,Sí
80412530,2,No,,,,,,No
80415216,0,NS/NC,,,,,,NS/NC
80415223,0, ,,,,,,
80427615,1,No,,,,,,No
80428196,0,S?Â¡,0.0,0.0,1.0,2.0,0.0,Sí
80428672,2,No,,,,,,No
80428673,0,S?Â¡,0.0,0.0,0.0,2.0,0.0,Sí
80428674,0,S?Â¡,0.0,0.0,0.0,2.0,0.0,Sí
80428957,3,No,,,,,,No
80442907,3,S?Â¡,0.0,0.0,1.0,1.0,1.0,Sí
80442910,1,S?Â¡,0.0,0.0,1.0,0.0,0.0,Sí
80442914,0,S?Â¡,0.0,0.0,1.0,1.0,1.0,Sí
80445629,0,S?Â¡,1.0,0.0,1.0,1.0,1.0,Sí
80449202,2,S?Â¡,0.0,0.0,0.0,2.0,1.0,Sí
80456535,0, ,,,,,,
80481164,0,S?Â¡,0.0,0.0,0.0,2.0,1.0,Sí
80498123,0,No,,,,,,No
80502327,1,No,,,,,,No
80502328,1,No,,,,,,No
80503382,3,S?Â¡,2.0,0.0,0.0,1.0,1.0,Sí
80503384,0,No,,,,,,No
80504159,0,S?Â¡,0.0,0.0,2.0,0.0,1.0,Sí
80505298,1,No,,,,,,No
80505299,1,No,,,,,,No
80505949,2,No,,,,,,No
80506674,0,S?Â¡,0.0,0.0,0.0,1.0,1.0,Sí
80507986,0,No,,,,,,No
80507989,1,S?Â¡,0.0,0.0,0.0,0.0,0.0,Sí
80511956,1,No,,,,,,No
80514607,1,S?Â¡,1.0,0.0,0.0,1.0,1.0,Sí
80514610,2,No,,,,,,No
80515364,0,No,,,,,,No
80515366,2,No,,,,,,No
80520346,0,No,,,,,,No
80520347,3,No,,,,,,No
80531017,0,No,,,,,,No
80531019,0,No,,,,,,No
80531020,0, ,,,,,,
80531022,0,No,,,,,,No
80536077,0,No,,,,,,No
80537792,0,No,,,,,,No
80554551,1,No,,,,,,No
80554554,0, ,,,,,,
80555784,0,No,,,,,,No
80581320,3,S?Â¡,0.0,0.0,1.0,1.0,2.0,Sí
80584081,0,S?Â¡,0.0,0.0,0.0,1.0,0.0,Sí
80587214,0,S?Â¡,0.0,0.0,0.0,2.0,1.0,Sí
80587225,1,S?Â¡,0.0,0.0,0.0,2.0,2.0,Sí
80589550,2,S?Â¡,0.0,0.0,0.0,2.0,0.0,Sí
80590291,1,S?Â¡,0.0,0.0,0.0,0.0,0.0,Sí
80590620,2,No,,,,,,No
80592588,0,S?Â¡,0.0,0.0,0.0,2.0,0.0,Sí
80592590,3,No,,,,,,No
80597889,0,No,,,,,,No
80599933,0,S?Â¡,0.0,0.0,1.0,1.0,1.0,Sí
80605959,0,S?Â¡,0.0,0.0,0.0,2.0,0.0,Sí
80605960,0,S?Â¡,0.0,0.0,0.0,2.0,0.0,Sí
80605967,0,S?Â¡,0.0,0.0,0.0,2.0,0.0,Sí
80609354,2,No,,,,,,No
80612639,0,S?Â¡,0.0,0.0,0.0,1.0,0.0,Sí
80618862,0,S?Â¡,0.0,0.0,0.0,2.0,0.0,Sí
80629331,0,No,,,,,,No
80633120,2,S?Â¡,0.0,0.0,0.0,2.0,1.0,Sí
80633122,2,No,,,,,,No
80634942,0,No,,,,,,No
80638118,2,No,,,,,,No
80642772,1,No,,,,,,No
80659608,0,S?Â¡,0.0,0.0,0.0,2.0,2.0,Sí
80663740,0,No,,,,,,No
80664588,0, ,,,,,,
80667915,1,S?Â¡,0.0,0.0,0.0,2.0,0.0,Sí
80674492,2,S?Â¡,0.0,0.0,0.0,2.0,0.0,Sí
80674493,3,S?Â¡,0.0,1.0,0.0,2.0,0.0,Sí
80675185,1,No,,,,,,No
80679049,0,No,,,,,,No
80679974,0,No,,,,,,No
80679976,2,No,,,,,,No
80686644,0,S?Â¡,0.0,0.0,0.0,1.0,0.0,Sí
80687769,1,No,,,,,,No
80724218,2,No,,,,,,No
80734490,2,S?Â¡,0.0,0.0,1.0,1.0,0.0,Sí
80750165,0,S?Â¡,0.0,0.0,0.0,2.0,2.0,Sí
80750167,0, ,,,,,,
80750168,0,No,,,,,,No
80751067,0,No,,,,,,No
80752222,2,No,,,,,,No
80752226,1,S?Â¡,0.0,0.0,0.0,1.0,0.0,Sí
80752355,0, ,,,,,,
80762075,0,S?Â¡,1.0,0.0,0.0,1.0,0.0,Sí
80796119,1,No,,,,,,No
80797456,0,S?Â¡,0.0,0.0,0.0,1.0,1.0,Sí
80805562,1,S?Â¡,0.0,0.0,0.0,2.0,0.0,Sí
80812763,0,No,,,,,,No
80821801,2,No,,,,,,No
80821803,1,No,,,,,,No
80823301,0,No,,,,,,No
80823302,3,No,,,,,,No
80823307,0, ,,,,,,
80823309,1,S?Â¡,0.0,0.0,0.0,2.0,0.0,Sí
80829269,0, ,,,,,,
80841555,0,No,,,,,,No
80841619,0,No,,,,,,No
80843543,0, ,,,,,,
80845746,0,No,,,,,,No
80852211,0,S?Â¡,0.0,0.0,0.0,1.0,0.0,Sí
80858992,0,S?Â¡,1.0,0.0,1.0,1.0,2.0,Sí
80861895,0,No,,,,,,No
80861932,0,No,,,,,,No
80872821,0, ,,,,,,
80874396,0,No,,,,,,No
80876555,0,No,,,,,,No
80876556,0,S?Â¡,0.0,0.0,0.0,1.0,0.0,Sí
80880697,2,No,,,,,,No
80897753,0,No,,,,,,No
80901204,2,No,,,,,,No
80901205,0, ,,,,,,
80901206,0, ,,,,,,
80906961,0, ,,,,,,
80908585,0,No,,,,,,No
80910890,0,S?Â¡,0.0,0.0,0.0,0.0,1.0,Sí
80916055,0, ,,,,,,
80921961,0,S?Â¡,0.0,0.0,0.0,1.0,0.0,Sí
80930577,0,No,,,,,,No
80930580,1,No,,,,,,No
80935569,0,S?Â¡,0.0,0.0,0.0,2.0,1.0,Sí
80938330,2,No,,,,,,No
80940169,0,S?Â¡,0.0,0.0,0.0,0.0,2.0,Sí
80944172,0,S?Â¡,1.0,0.0,1.0,1.0,0.0,Sí
80949065,0,S?Â¡,0.0,0.0,0.0,2.0,0.0,Sí
80949197,0,S?Â¡,0.0,0.0,0.0,1.0,0.0,Sí
80949200,0,S?Â¡,0.0,0.0,0.0,1.0,0.0,Sí
80979973,0,No,,,,,,No
80980672,3,No,,,,,,No
80983795,1,No,,,,,,No
80988680,0,No,,,,,,No
80990426,1,S?Â¡,0.0,0.0,0.0,0.0,1.0,Sí
80991001,1,No,,,,,,No
80991797,0,S?Â¡,1.0,0.0,0.0,1.0,1.0,Sí
80993512,1,No,,,,,,No
80993514,3,No,,,,,,No
80996752,2,No,,,,,,No
81002696,0,S?Â¡,0.0,0.0,0.0,2.0,0.0,Sí
81006127,0,S?Â¡,0.0,0.0,0.0,0.0,1.0,Sí
81016672,0,No,,,,,,No
81016673,0,No,,,,,,No
81016674,1,S?Â¡,0.0,0.0,0.0,2.0,0.0,Sí
81021883,0,No,,,,,,No
81022044,1,No,,,,,,No
81022045,1,No,,,,,,No
81024647,0,S?Â¡,2.0,0.0,0.0,0.0,0.0,Sí
81027644,1,S?Â¡,0.0,0.0,0.0,1.0,1.0,Sí
81028826,0,S?Â¡,0.0,1.0,1.0,0.0,1.0,Sí
81033951,0, ,,,,,,
81037349,0,NS/NC,,,,,,NS/NC
81038619,0,S?Â¡,0.0,0.0,0.0,0.0,1.0,Sí
81038620,0,No,,,,,,No
81040227,0,S?Â¡,0.0,0.0,0.0,1.0,0.0,Sí
81049379,2,No,,,,,,No
81080223,2,No,,,,,,No
81087777,0,S?Â¡,0.0,0.0,0.0,0.0,0.0,Sí
81088610,0,No,,,,,,No
81097914,0,No,,,,,,No
81101532,0,No,,,,,,No
81106661,0,No,,,,,,No
81107009,0, ,,,,,,
81108221,2,No,,,,,,No
81122815,0,No,,,,,,No
81133241,0,S?Â¡,1.0,0.0,0.0,2.0,0.0,Sí
81134074,1,No,,,,,,No
81134241,0,S?Â¡,0.0,0.0,0.0,2.0,0.0,Sí
81134243,0,S?Â¡,0.0,0.0,0.0,2.0,0.0,Sí
81136131,0,No,,,,,,No
81136843,0, ,,,,,,
81142877,0,S?Â¡,0.0,0.0,0.0,0.0,2.0,Sí
81144386,0,S?Â¡,0.0,0.0,0.0,1.0,0.0,Sí
81146447,0,No,,,,,,No
81164923,0, ,,,,,,
81167624,1,S?Â¡,0.0,0.0,0.0,0.0,1.0,Sí
81169463,0,No,,,,,,No
81188279,2,No,,,,,,No
81204246,2,No,,,,,,No
81205324,0,No,,,,,,No
81211873,0, ,,,,,,
81219774,0,No,,,,,,No
81225436,2,No,,,,,,No
81225573,1,No,,,,,,No
81225624,0,No,,,,,,No
81229546,0,No,,,,,,No
81241782,0,S?Â¡,0.0,0.0,1.0,0.0,2.0,Sí
81241783,0,S?Â¡,0.0,0.0,1.0,0.0,2.0,Sí
81241784,0,S?Â¡,0.0,0.0,1.0,2.0,0.0,Sí
81246977,2,S?Â¡,0.0,0.0,0.0,2.0,2.0,Sí
81268388,0,No,,,,,,No
81268389,0,No,,,,,,No
81271580,0,No,,,,,,No
81282101,0,No,,,,,,No
81282102,0,S?Â¡,0.0,0.0,0.0,0.0,0.0,Sí
81290029,0,No,,,,,,No
81311184,2,No,,,,,,No
81313170,1,S?Â¡,0.0,0.0,0.0,0.0,0.0,Sí
81315834,2,S?Â¡,0.0,0.0,1.0,0.0,2.0,Sí
81317816,0, ,,,,,,
81341027,0,S?Â¡,0.0,0.0,0.0,0.0,2.0,Sí
81341030,0,S?Â¡,0.0,0.0,0.0,0.0,0.0,Sí
81360999,0,S?Â¡,0.0,0.0,0.0,0.0,1.0,Sí
81371529,1,S?Â¡,1.0,0.0,0.0,2.0,2.0,Sí
81383087,0,No,,,,,,No
81383088,2,No,,,,,,No
81383207,1,No,,,,,,No
81383208,0,S?Â¡,0.0,0.0,0.0,0.0,0.0,Sí
81395138,0,S?Â¡,0.0,0.0,0.0,1.0,2.0,Sí
81406897,0,S?Â¡,0.0,0.0,0.0,0.0,0.0,Sí
81407991,1,No,,,,,,No
81443826,0, ,,,,,,
81450217,0,No,,,,,,No
81451831,0,No,,,,,,No
81455967,0, ,,,,,,
81470960,1,No,,,,,,No
81481149,0,S?Â¡,1.0,0.0,1.0,2.0,0.0,Sí
81484447,0,S?Â¡,0.0,1.0,0.0,0.0,0.0,Sí
81489801,1,No,,,,,,No
81490626,0,No,,,,,,No
81490627,0,No,,,,,,No
81492910,0,No,,,,,,No
81495622,0,No,,,,,,No
81496726,0,S?Â¡,0.0,0.0,0.0,0.0,0.0,Sí
81497615,0,S?Â¡,0.0,0.0,0.0,0.0,1.0,Sí
81497616,2,No,,,,,,No
81500621,2,S?Â¡,0.0,0.0,0.0,0.0,0.0,Sí
81504589,0,No,,,,,,No
81504590,1,No,,,,,,No
81505149,0,No,,,,,,No
81506095,0,No,,,,,,No
81507247,0,No,,,,,,No
81510705,2,No,,,,,,No
81511035,0,No,,,,,,No
81511036,0,No,,,,,,No
81511060,0,No,,,,,,No
81511068,0, ,,,,,,
81529252,0,No,,,,,,No
81531923,0,S?Â¡,0.0,0.0,0.0,2.0,1.0,Sí
81531929,0,No,,,,,,No
81533759,0,No,,,,,,No
81533761,0,S?Â¡,0.0,0.0,0.0,1.0,0.0,Sí
81533764,0,S?Â¡,0.0,0.0,0.0,0.0,0.0,Sí
81542775,0,No,,,,,,No
81546418,0,S?Â¡,0.0,0.0,1.0,1.0,1.0,Sí
81547495,0,No,,,,,,No
81558709,0,No,,,,,,No
81558710,0,No,,,,,,No
81566060,1,No,,,,,,No
81567309,0,No,,,,,,No
81570538,0,No,,,,,,No
81574180,0,S?Â¡,0.0,0.0,0.0,0.0,1.0,Sí
81578017,2,No,,,,,,No
81581092,0,S?Â¡,0.0,0.0,0.0,2.0,0.0,Sí
81581211,2,No,,,,,,No
81581212,0,S?Â¡,0.0,0.0,0.0,2.0,0.0,Sí
81582817,0,S?Â¡,0.0,0.0,0.0,0.0,0.0,Sí
81586676,0,S?Â¡,0.0,0.0,0.0,1.0,1.0,Sí
81588117,1,No,,,,,,No
81588302,1,S?Â¡,0.0,0.0,0.0,0.0,0.0,Sí
81592027,0,No,,,,,,No
81596754,1,No,,,,,,No
81604965,0, ,,,,,,
81622734,2,S?Â¡,0.0,0.0,0.0,0.0,0.0,Sí
81633097,2,No,,,,,,No
81634507,2,No,,,,,,No
81634510,2,No,,,,,,No
81640080,0,S?Â¡,0.0,0.0,0.0,2.0,0.0,Sí
81643223,0,No,,,,,,No
81644988,0,S?Â¡,0.0,0.0,0.0,0.0,1.0,Sí
81646828,0, ,,,,,,
81650331,0,S?Â¡,0.0,0.0,0.0,0.0,0.0,Sí
81650339,0,No,,,,,,No
81655331,0,NS/NC,,,,,,NS/NC
81669584,0,No,,,,,,No
81673800,0,No,,,,,,No
81673803,0,No,,,,,,No
81675892,0, ,,,,,,
81676376,0,No,,,,,,No
81677068,0,No,,,,,,No
81677125,0,S?Â¡,1.0,0.0,0.0,0.0,0.0,Sí
81677517,0,S?Â¡,0.0,0.0,0.0,2.0,0.0,Sí
81678831,3,No,,,,,,No
81679459,2,S?Â¡,0.0,0.0,0.0,0.0,0.0,Sí
81681124,1,No,,,,,,No
81682483,2,No,,,,,,No
81682749,0,No,,,,,,No
81693010,4,S?Â¡,0.0,0.0,1.0,0.0,2.0,Sí
81695548,2,No,,,,,,No
81698108,2,No,,,,,,No
81701810,0,No,,,,,,No
81701811,0,S?Â¡,0.0,0.0,0.0,2.0,0.0,Sí
81713740,0,No,,,,,,No
81718783,0,S?Â¡,0.0,0.0,0.0,0.0,1.0,Sí
81739241,0,No,,,,,,No
81739242,0, ,,,,,,
81762910,0,S?Â¡,0.0,1.0,1.0,1.0,1.0,Sí
81764905,0,No,,,,,,No
81779576,0,S?Â¡,0.0,0.0,0.0,0.0,2.0,Sí
81779578,0,S?Â¡,0.0,0.0,0.0,2.0,2.0,Sí
81783790,0,No,,,,,,No
81783791,0,S?Â¡,0.0,0.0,0.0,1.0,1.0,Sí
81793568,0,No,,,,,,No
81793569,1,No,,,,,,No
81793575,0, ,,,,,,
81794764,0,No,,,,,,No
81794767,0,No,,,,,,No
81794769,0,No,,,,,,No
81794770,0,No,,,,,,No
81798718,0,S?Â¡,0.0,0.0,0.0,0.0,0.0,Sí
81799475,0,No,,,,,,No
81801575,0,S?Â¡,0.0,0.0,0.0,2.0,0.0,Sí
81802352,0,S?Â¡,1.0,0.0,0.0,1.0,1.0,Sí
81802501,0, ,,,,,,
81821648,1,S?Â¡,0.0,0.0,0.0,0.0,2.0,Sí
81825447,0,No,,,,,,No
81838573,0,No,,,,,,No
81861692,2,No,,,,,,No
81870318,2,No,,,,,,No
81872245,0,No,,,,,,No
81872247,0,No,,,,,,No
81882245,1,No,,,,,,No
81893395,0,No,,,,,,No
81893396,0,No,,,,,,No
81896047,4,No,,,,,,No
81903014,1,No,,,,,,No
81903016,0,No,,,,,,No
81920683,1,No,,,,,,No
81923615,0,S?Â¡,0.0,0.0,0.0,0.0,0.0,Sí
81927575,0,S?Â¡,1.0,0.0,0.0,1.0,1.0,Sí
81930520,0,No,,,,,,No
81937373,0,No,,,,,,No
81946129,0,No,,,,,,No
81946449,0,No,,,,,,No
81948117,0,S?Â¡,0.0,0.0,0.0,1.0,1.0,Sí
81950977,3,No,,,,,,No
81969004,0,No,,,,,,No
81969007,3,S?Â¡,0.0,0.0,0.0,1.0,0.0,Sí
81973972,0,No,,,,,,No
81993941,0,S?Â¡,0.0,0.0,0.0,0.0,0.0,Sí
82006903,1,S?Â¡,0.0,0.0,0.0,1.0,0.0,Sí
82011392,0,S?Â¡,0.0,0.0,0.0,0.0,1.0,Sí
82012846,0,S?Â¡,0.0,0.0,0.0,0.0,0.0,Sí
82030117,0,No,,,,,,No
82040115,2,No,,,,,,No
82074958,1,No,,,,,,No
82105322,0,No,,,,,,No
82113196,0,No,,,,,,No
82114081,0,No,,,,,,No
82116542,0,S?Â¡,2.0,0.0,0.0,0.0,0.0,Sí
82117171,2,No,,,,,,No
82124234,0,No,,,,,,No
82125399,0,No,,,,,,No
82136322,1,S?Â¡,0.0,0.0,0.0,0.0,1.0,Sí
82141549,0,No,,,,,,No
82144795,0,No,,,,,,No
82153123,0,S?Â¡,0.0,0.0,1.0,0.0,2.0,Sí
82156203,0,No,,,,,,No
82161279,0,No,,,,,,No
82161595,0,S?Â¡,0.0,0.0,0.0,1.0,1.0,Sí
82161760,0,No,,,,,,No
82169003,0,No,,,,,,No
82185512,0,S?Â¡,0.0,0.0,0.0,0.0,0.0,Sí
82192572,0,S?Â¡,0.0,0.0,0.0,2.0,1.0,Sí
82193416,1,S?Â¡,0.0,0.0,0.0,0.0,0.0,Sí
82199533,1,S?Â¡,0.0,0.0,0.0,0.0,0.0,Sí
82207009,0,No,,,,,,No
82207160,0,No,,,,,,No
82207162,0,No,,,,,,No
82207804,0, ,,,,,,
82210563,0,No,,,,,,No
82210568,0,No,,,,,,No
82216312,0,S?Â¡,0.0,0.0,0.0,1.0,0.0,Sí
82218009,2,S?Â¡,0.0,0.0,0.0,0.0,0.0,Sí
82227569,2,No,,,,,,No
82228425,0,No,,,,,,No
82231265,0,No,,,,,,No
82234705,0,No,,,,,,No
82240469,0, ,,,,,,
82240557,0,No,,,,,,No
82241889,0,S?Â¡,0.0,0.0,0.0,0.0,2.0,Sí
82242763,2,S?Â¡,1.0,0.0,1.0,2.0,0.0,Sí
82242764,0,No,,,,,,No
82242767,0,No,,,,,,No
82243763,0,No,,,,,,No
82243765,0,No,,,,,,No
82249782,0,No,,,,,,No
82250298,0,No,,,,,,No
82272374,2,No,,,,,,No
82275922,1,S?Â¡,0.0,0.0,0.0,1.0,0.0,Sí
82275927,0,S?Â¡,2.0,0.0,0.0,0.0,0.0,Sí
82279660,0,NS/NC,,,,,,NS/NC
82283514,0,S?Â¡,0.0,0.0,0.0,0.0,1.0,Sí
82286367,0,S?Â¡,0.0,0.0,0.0,2.0,2.0,Sí
82286371,0,No,,,,,,No
82286633,0, ,,,,,,
82297699,0, ,,,,,,
82299775,0, ,,,,,,
82308725,0, ,,,,,,
82319303,1,No,,,,,,No
82320315,0,No,,,,,,No
82325227,0,No,,,,,,No
82325228,0,No,,,,,,No
82329872,0,No,,,,,,No
82331628,0,S?Â¡,0.0,0.0,0.0,1.0,0.0,Sí
82336780,1,No,,,,,,No
82337933,0, ,,,,,,
82344231,1,S?Â¡,0.0,0.0,0.0,0.0,1.0,Sí
82344526,2,No,,,,,,No
82345553,0,No,,,,,,No
82345555,0,No,,,,,,No
82345874,2,S?Â¡,0.0,0.0,0.0,0.0,1.0,Sí
82350313,2,S?Â¡,0.0,0.0,0.0,0.0,0.0,Sí
82350314,0,S?Â¡,0.0,0.0,0.0,0.0,0.0,Sí
82350598,0,No,,,,,,No
82353338,1,S?Â¡,1.0,1.0,1.0,1.0,1.0,Sí
82370056,0,No,,,,,,No
82376819,0,No,,,,,,No
82377413,1,No,,,,,,No
82380584,1,No,,,,,,No
82387563,0,S?Â¡,0.0,0.0,0.0,2.0,0.0,Sí
82391315,0,No,,,,,,No
82392097,1,No,,,,,,No
82393348,0,No,,,,,,No
82407547,0, ,,,,,,
82407855,0,S?Â¡,0.0,0.0,0.0,0.0,2.0,Sí
82411627,0,No,,,,,,No
82411823,0,NS/NC,,,,,,NS/NC
82412612,0,No,,,,,,No
82412613,0,No,,,,,,No
82428490,0,No,,,,,,No
82431443,0,No,,,,,,No
82435692,0,No,,,,,,No
82439026,0,No,,,,,,No
82439280,0,S?Â¡,0.0,0.0,0.0,0.0,0.0,Sí
82440822,0,No,,,,,,No
82456730,0,No,,,,,,No
82458769,1,No,,,,,,No
82461411,0,No,,,,,,No
82483840,0,No,,,,,,No
82484229,0,No,,,,,,No
82495395,0,S?Â¡,0.0,0.0,1.0,1.0,0.0,Sí
82495558,0,No,,,,,,No
82501090,0,S?Â¡,0.0,0.0,0.0,0.0,1.0,Sí
82510167,0,S?Â¡,0.0,0.0,0.0,2.0,0.0,Sí
82511999,0, ,,,,,,
82512000,0,No,,,,,,No
82519649,1,S?Â¡,0.0,0.0,0.0,0.0,0.0,Sí
82519652,1,No,,,,,,No
82519785,0,No,,,,,,No
82523423,0,No,,,,,,No
82540173,0,No,,,,,,No
82540815,0,No,,,,,,No
82542127,0,No,,,,,,No
82542130,0,S?Â¡,0.0,0.0,0.0,0.0,2.0,Sí
82542534,0,No,,,,,,No
82543688,0,No,,,,,,No
82554629,0,S?Â¡,1.0,0.0,0.0,0.0,2.0,Sí
82573945,0,No,,,,,,No
82573948,0,S?Â¡,0.0,0.0,1.0,1.0,1.0,Sí
82579333,1,No,,,,,,No
82585078,0,S?Â¡,1.0,1.0,0.0,1.0,2.0,Sí
82585083,0, ,,,,,,
82585084,0,S?Â¡,1.0,0.0,0.0,2.0,1.0,Sí
82585085,0,S?Â¡,0.0,0.0,0.0,2.0,1.0,Sí
82588183,0,No,,,,,,No
82606469,0,No,,,,,,No
82608760,0,No,,,,,,No
82608941,0,No,,,,,,No
82610228,0,No,,,,,,No
82610479,0,S?Â¡,0.0,2.0,0.0,0.0,2.0,Sí
82610672,0,No,,,,,,No
82645789,0,No,,,,,,No
82659916,0,S?Â¡,0.0,0.0,1.0,1.0,0.0,Sí
82673265,0,No,,,,,,No
82692145,0,S?Â¡,0.0,0.0,1.0,1.0,1.0,Sí
82829998,0,No,,,,,,No
82839081,0,No,,,,,,No
82840324,0,No,,,,,,No
82894052,0,No,,,,,,No
82894210,0,No,,,,,,No
82898503,0, ,,,,,,
82898505,0,S?Â¡,0.0,0.0,0.0,1.0,0.0,Sí
82930839,0, ,,,,,,
82931468,0,No,,,,,,No
82931958,0,No,,,,,,No
82934825,0,No,,,,,,No
82938613,0,No,,,,,,No
82940816,0,No,,,,,,No
82998075,0,No,,,,,,No
83001881,0,No,,,,,,No
83001889,0,S?Â¡,2.0,0.0,0.0,0.0,1.0,Sí
83024339,0,No,,,,,,No
83024342,0,No,,,,,,No
83030900,0,No,,,,,,No
83030901,0,S?Â¡,1.0,0.0,0.0,2.0,1.0,Sí
83030904,1,No,,,,,,No
83036124,0,No,,,,,,No
83050776,0,No,,,,,,No
83067304,0,No,,,,,,No
83072322,0, ,,,,,,
83087878,2,No,,,,,,No
83098810,2,No,,,,,,No
83098811,2,No,,,,,,No
83098830,0,No,,,,,,No
83118657,0,No,,,,,,No
83156228,0,No,,,,,,No
83233878,0,No,,,,,,No
83233879,4,No,,,,,,No
83241164,2,No,,,,,,No
83256132,0,No,,,,,,No
83271225,0,No,,,,,,No
83293373,0,NS/NC,,,,,,NS/NC
83327343,0,No,,,,,,No
83353917,0,No,,,,,,No
83362938,0,No,,,,,,No
83374935,0,S?Â¡,0.0,0.0,0.0,0.0,0.0,Sí
83376055,0,No,,,,,,No
83379611,0,NS/NC,,,,,,NS/NC
83412200,0, ,,,,,,
83424376,0,No,,,,,,No
83424383,0,No,,,,,,No
83424389,0, ,,,,,,
83432296,0,No,,,,,,No
83458665,2,No,,,,,,No
83459201,0,S?Â¡,0.0,0.0,2.0,0.0,2.0,Sí
83493585,0, ,,,,,,
83518765,0,S?Â¡,0.0,0.0,0.0,2.0,2.0,Sí
83545589,0,No,,,,,,No
83545590,0,No,,,,,,No
83547614,0,S?Â¡,0.0,0.0,2.0,2.0,2.0,Sí
83632001,1,No,,,,,,No
83632002,0, ,,,,,,
83632006,0, ,,,,,,
83632008,0,S?Â¡,0.0,0.0,0.0,2.0,0.0,Sí
83632009,0,S?Â¡,0.0,0.0,0.0,1.0,1.0,Sí
83637733,0,No,,,,,,No
83648570,0,S?Â¡,0.0,0.0,0.0,2.0,0.0,Sí
83656242,0,No,,,,,,No
83656243,0,No,,,,,,No
83672318,0,No,,,,,,No
83673892,0,No,,,,,,No
83683182,0,No,,,,,,No
83683183,0,No,,,,,,No
83684488,0,No,,,,,,No
83687895,0, ,,,,,,
83689336,0,No,,,,,,No
83694135,0,No,,,,,,No
83703797,0,No,,,,,,No
83713047,0,No,,,,,,No
83720443,0, ,,,,,,
83738625,0,S?Â¡,0.0,0.0,1.0,2.0,1.0,Sí
83741806,0,No,,,,,,No
83742479,0,S?Â¡,0.0,0.0,0.0,1.0,0.0,Sí
83743125,0, ,,,,,,
83749878,0,S?Â¡,0.0,0.0,0.0,2.0,0.0,Sí
83750475,0, ,,,,,,
83763575,0, ,,,,,,
83781684,0,No,,,,,,No
83784783,0,No,,,,,,No
83787165,0,No,,,,,,No
83787166,0,No,,,,,,No
83798711,0,No,,,,,,No
83802380,0,No,,,,,,No
83807126,0,No,,,,,,No
83809103,1,No,,,,,,No
83809223,0,No,,,,,,No
83809226,0,No,,,,,,No
83811277,0,No,,,,,,No
83813190,0,S?Â¡,0.0,0.0,0.0,2.0,0.0,Sí
83817462,0,S?Â¡,0.0,0.0,0.0,2.0,0.0,Sí
83837440,0, ,,,,,,
83844719,0, ,,,,,,
83861623,0,No,,,,,,No
83868584,0,S?Â¡,0.0,0.0,2.0,0.0,2.0,Sí
83872810,2,No,,,,,,No
83880004,0,No,,,,,,No
83880005,0,No,,,,,,No
83886380,0,No,,,,,,No
83892750,0,No,,,,,,No
83892751,0,No,,,,,,No
83892754,0,S?Â¡,0.0,0.0,0.0,2.0,0.0,Sí
83907427,0,No,,,,,,No
83909974,0, ,,,,,,
83910533,0,S?Â¡,0.0,0.0,0.0,0.0,0.0,Sí
83914689,0,No,,,,,,No
83916351,0,No,,,,,,No
83926312,0,No,,,,,,No
83927262,0,No,,,,,,No
83951433,0,No,,,,,,No
83958216,0,No,,,,,,No
83959541,1,S?Â¡,0.0,0.0,0.0,1.0,1.0,Sí
83970291,2,No,,,,,,No
83970295,0,No,,,,,,No
83972088,0,S?Â¡,0.0,0.0,0.0,2.0,1.0,Sí
83972091,0,S?Â¡,0.0,0.0,0.0,2.0,1.0,Sí
83972092,0,S?Â¡,0.0,0.0,0.0,2.0,0.0,Sí
83980509,0, ,,,,,,
83981398,0,No,,,,,,No
83982057,1,No,,,,,,No
83996121,0, ,,,,,,
84012081,0,No,,,,,,No
84012082,0,No,,,,,,No
84018146,0,No,,,,,,No
84024117,0,No,,,,,,No
84031504,0,No,,,,,,No
84031505,0,No,,,,,,No
84044531,0,S?Â¡,0.0,0.0,0.0,0.0,0.0,Sí
84047187,0,No,,,,,,No
84047200,0,No,,,,,,No
84051766,0,No,,,,,,No
84054303,0,No,,,,,,No
84058110,0,S?Â¡,0.0,0.0,0.0,1.0,2.0,Sí
84073017,2,S?Â¡,0.0,0.0,0.0,1.0,0.0,Sí
84074792,0, ,,,,,,
84074793,0,No,,,,,,No
84076068,0,No,,,,,,No
84149204,0,No,,,,,,No
84169411,0,S?Â¡,0.0,0.0,1.0,0.0,1.0,Sí
84169429,0,No,,,,,,No
84169433,0,S?Â¡,1.0,0.0,1.0,0.0,1.0,Sí
84169434,0,S?Â¡,1.0,0.0,0.0,0.0,1.0,Sí
84170483,0,No,,,,,,No
84172737,0,No,,,,,,No
84183924,0,No,,,,,,No
84191326,0,S?Â¡,0.0,0.0,1.0,1.0,2.0,Sí
84204824,0,S?Â¡,0.0,0.0,0.0,0.0,0.0,Sí
84216455,0,No,,,,,,No
84234601,0,No,,,,,,No
84234602,0,No,,,,,,No
84243214,0,No,,,,,,No
84244688,3,S?Â¡,0.0,0.0,0.0,0.0,0.0,Sí
84250328,0,No,,,,,,No
84251392,0,No,,,,,,No
84266157,0,No,,,,,,No
84266158,0,No,,,,,,No
84274950,0,No,,,,,,No
84283186,0,No,,,,,,No
84284434,0,S?Â¡,0.0,0.0,0.0,1.0,1.0,Sí
84289646,0, ,,,,,,
84290376,0,No,,,,,,No
84290758,0,No,,,,,,No
84293859,0,S?Â¡,0.0,0.0,0.0,1.0,1.0,Sí
84299855,0,No,,,,,,No
84304901,0,No,,,,,,No
84304902,0,No,,,,,,No
84308365,0,No,,,,,,No
84308366,0,No,,,,,,No
84309773,0,No,,,,,,No
84311429,0,No,,,,,,No
84334192,0, ,,,,,,
84337421,0,No,,,,,,No
84344089,0,No,,,,,,No
84344090,0,S?Â¡,1.0,0.0,0.0,1.0,1.0,Sí
84353932,0,No,,,,,,No
84359838,0,No,,,,,,No
84360130,2,S?Â¡,0.0,0.0,0.0,1.0,0.0,Sí
84364585,0,No,,,,,,No
84368030,0,S?Â¡,0.0,0.0,0.0,0.0,1.0,Sí
84375881,0,S?Â¡,0.0,0.0,1.0,0.0,0.0,Sí
84384931,0,No,,,,,,No
84414694,0,No,,,,,,No
84438158,0,No,,,,,,No
84439635,0,No,,,,,,No
84445425,0,No,,,,,,No
84450307,0,No,,,,,,No
84459786,0,No,,,,,,No
84466842,0,S?Â¡,0.0,0.0,0.0,0.0,1.0,Sí
84477329,0,S?Â¡,0.0,0.0,0.0,0.0,2.0,Sí
84477706,1,No,,,,,,No
84486974,0,No,,,,,,No
84487812,0,No,,,,,,No
84489367,0,No,,,,,,No
84490650,0,No,,,,,,No
84490651,0, ,,,,,,
84503483,0,No,,,,,,No
84513174,0,S?Â¡,0.0,0.0,0.0,1.0,1.0,Sí
84518644,0,No,,,,,,No
84542998,0,S?Â¡,0.0,0.0,0.0,0.0,1.0,Sí
84546056,0,No,,,,,,No
84550972,0,S?Â¡,0.0,0.0,0.0,1.0,1.0,Sí
84557941,0,No,,,,,,No
84566011,0,No,,,,,,No
84587373,0,S?Â¡,0.0,0.0,0.0,0.0,0.0,Sí
84587374,1,S?Â¡,0.0,0.0,0.0,2.0,0.0,Sí
84588183,0,No,,,,,,No
84588184,0,No,,,,,,No
84588186,0,No,,,,,,No
84603947,0,No,,,,,,No
84606642,0,No,,,,,,No
84607728,0,No,,,,,,No
84619566,0,No,,,,,,No
84622054,3,S?Â¡,0.0,0.0,0.0,2.0,0.0,Sí
84626576,0,NS/NC,,,,,,NS/NC
84626579,0,NS/NC,,,,,,NS/NC
84643560,0,No,,,,,,No
84674262,0,No,,,,,,No
84674263,0,S?Â¡,0.0,0.0,0.0,0.0,0.0,Sí
84720185,0,No,,,,,,No
84755284,0,No,,,,,,No
84755285,0,S?Â¡,0.0,0.0,,1.0,0.0,Sí
84766251,1,S?Â¡,0.0,0.0,0.0,1.0,0.0,Sí
84766252,0,S?Â¡,0.0,0.0,0.0,1.0,0.0,Sí
84766253,0, ,,,,,,
84767532,1,S?Â¡,0.0,0.0,0.0,0.0,0.0,Sí
84767533,0,No,,,,,,No
84784940,0,S?Â¡,0.0,0.0,0.0,0.0,1.0,Sí
84805921,0,No,,,,,,No
84809550,0,No,,,,,,No
84829294,0, ,,,,,,
84833293,0,No,,,,,,No
84833808,1,S?Â¡,0.0,0.0,0.0,0.0,0.0,Sí
84837935,0,No,,,,,,No
84842766,1,S?Â¡,0.0,0.0,0.0,1.0,0.0,Sí
84842767,1,S?Â¡,2.0,2.0,0.0,1.0,0.0,Sí
84845472,0,No,,,,,,No
84856063,0, ,,,,,,
84856064,0,No,,,,,,No
84856960,0,S?Â¡,0.0,0.0,0.0,2.0,0.0,Sí
84856961,0,S?Â¡,0.0,0.0,0.0,2.0,0.0,Sí
84877774,0,No,,,,,,No
84877775,0,No,,,,,,No
84877990,0,No,,,,,,No
84880579,0,No,,,,,,No
84882117,0,S?Â¡,2.0,0.0,0.0,0.0,2.0,Sí
84886539,0,S?Â¡,0.0,0.0,0.0,0.0,0.0,Sí
84894306,0, ,,,,,,
84897694,0,No,,,,,,No
84903994,0, ,,,,,,
84912151,0,S?Â¡,0.0,0.0,0.0,1.0,1.0,Sí
84928739,0,No,,,,,,No
84936212,0,No,,,,,,No
84939941,0,No,,,,,,No
84970813,0,No,,,,,,No
84970816,3,S?Â¡,0.0,0.0,0.0,0.0,2.0,Sí
84970820,0,S?Â¡,0.0,0.0,1.0,1.0,2.0,Sí
84983418,0,No,,,,,,No
84988938,0,No,,,,,,No
84989759,0,No,,,,,,No
84990692,0,No,,,,,,No
84996420,0,No,,,,,,No
84996423,0, ,,,,,,
84996424,0,No,,,,,,No
84997341,0,S?Â¡,0.0,0.0,0.0,2.0,1.0,Sí
84997729,0,S?Â¡,0.0,0.0,0.0,2.0,0.0,Sí
84997734,1,S?Â¡,0.0,0.0,0.0,2.0,1.0,Sí
84998851,0,No,,,,,,No
84999368,0,No,,,,,,No
85023745,0,No,,,,,,No
85035127,0, ,,,,,,
85035130,0,S?Â¡,1.0,0.0,1.0,1.0,1.0,Sí
85035550,0,S?Â¡,0.0,0.0,0.0,0.0,0.0,Sí
85037505,0,No,,,,,,No
85038929,1,No,,,,,,No
85038930,0,No,,,,,,No
85040112,0,S?Â¡,0.0,0.0,1.0,0.0,1.0,Sí
85044395,0,No,,,,,,No
85064744,0,No,,,,,,No
85065443,0,S?Â¡,0.0,0.0,0.0,0.0,1.0,Sí
85066989,0,No,,,,,,No
85076129,0,No,,,,,,No
85077058,0,No,,,,,,No
85077061,0,No,,,,,,No
85079867,0,No,,,,,,No
85089885,0,No,,,,,,No
85093535,0, ,,,,,,
85094821,0,No,,,,,,No
85094833,0, ,,,,,,
85096339,0,S?Â¡,0.0,0.0,0.0,2.0,2.0,Sí
85101185,0,S?Â¡,0.0,0.0,1.0,0.0,0.0,Sí
85101187,0, ,,,,,,
85102230,0,S?Â¡,0.0,0.0,0.0,0.0,0.0,Sí
85105244,0,No,,,,,,No
85109397,0,No,,,,,,No
85112590,0,No,,,,,,No
85116296,0,No,,,,,,No
85120512,0,No,,,,,,No
85123675,0, ,,,,,,
85133163,0,No,,,,,,No
85136561,0,No,,,,,,No
85136672,0,No,,,,,,No
85136717,0, ,,,,,,
85136718,0,S?Â¡,0.0,0.0,0.0,0.0,2.0,Sí
85137376,0,S?Â¡,0.0,0.0,1.0,1.0,0.0,Sí
85159197,0,No,,,,,,No
85160099,0,No,,,,,,No
85162320,0, ,,,,,,
85169564,0,NS/NC,,,,,,NS/NC
85178619,0,No,,,,,,No
85185659,0,No,,,,,,No
85187244,0,S?Â¡,0.0,0.0,0.0,0.0,0.0,Sí
85206585,0,No,,,,,,No
85208354,0,No,,,,,,No
85216094,0,No,,,,,,No
85226098,0,S?Â¡,2.0,0.0,1.0,2.0,1.0,Sí
85240316,3,No,,,,,,No
85240325,0,No,,,,,,No
85243798,0,S?Â¡,0.0,0.0,0.0,0.0,0.0,Sí
85245572,0,S?Â¡,0.0,0.0,0.0,0.0,0.0,Sí
85252665,0,S?Â¡,2.0,0.0,0.0,1.0,0.0,Sí
85255882,0,S?Â¡,0.0,,,,,Sí
85281203,0,S?Â¡,0.0,0.0,0.0,0.0,0.0,Sí
85283128,0,No,,,,,,No
85283130,0,No,,,,,,No
85289652,0,No,,,,,,No
85324439,0,No,,,,,,No
85324442,0,No,,,,,,No
85324447,0,No,,,,,,No
85324448,0,No,,,,,,No
85340614,0, ,,,,,,
85383740,0,No,,,,,,No
85403110,0,No,,,,,,No
85403111,0,No,,,,,,No
85418078,0,No,,,,,,No
85418081,0,No,,,,,,No
85434956,0,No,,,,,,No
85439161,0,S?Â¡,0.0,0.0,0.0,1.0,1.0,Sí
85439162,0,No,,,,,,No
85455544,0,No,,,,,,No
85483852,0,No,,,,,,No
85491915,0, ,,,,,,
85495002,0,No,,,,,,No
85495005,0,No,,,,,,No
85495052,0, ,,,,,,
85499877,0,S?Â¡,0.0,0.0,0.0,1.0,0.0,Sí
85499881,0,S?Â¡,2.0,1.0,1.0,2.0,1.0,Sí
85500074,0,S?Â¡,1.0,0.0,0.0,0.0,1.0,Sí
85500075,0,S?Â¡,2.0,0.0,0.0,0.0,1.0,Sí
85504255,0,No,,,,,,No
85506611,0,No,,,,,,No
85520823,0,S?Â¡,0.0,0.0,0.0,0.0,2.0,Sí
85522952,0, ,,,,,,
85522953,0,No,,,,,,No
85522954,0,S?Â¡,0.0,0.0,0.0,1.0,0.0,Sí
85524483,0,No,,,,,,No
85526832,0,S?Â¡,0.0,0.0,2.0,0.0,1.0,Sí
85541420,0,No,,,,,,No
85541522,0,No,,,,,,No
85541523,0,No,,,,,,No
85555354,0,S?Â¡,1.0,0.0,1.0,1.0,1.0,Sí
85571281,0,S?Â¡,0.0,0.0,0.0,2.0,0.0,Sí
85571717,0,S?Â¡,0.0,0.0,1.0,0.0,1.0,Sí
85579814,0,No,,,,,,No
85580925,0,S?Â¡,0.0,0.0,0.0,0.0,1.0,Sí
85581896,0,No,,,,,,No
85583298,0,No,,,,,,No
85583299,0,No,,,,,,No
85586870,0,No,,,,,,No
85592070,0,No,,,,,,No
85592071,0,No,,,,,,No
85593934,0,S?Â¡,0.0,0.0,0.0,0.0,0.0,Sí
85593937,0,No,,,,,,No
85614690,3,S?Â¡,2.0,1.0,1.0,1.0,1.0,Sí
85618319,0,S?Â¡,0.0,0.0,0.0,0.0,0.0,Sí
85621881,0, ,,,,,,
85622954,0,NS/NC,,,,,,NS/NC
85636457,0,No,,,,,,No
85639798,0,No,,,,,,No
85639799,0,S?Â¡,0.0,0.0,0.0,2.0,1.0,Sí
85641783,0,NS/NC,,,,,,NS/NC
85663225,0,No,,,,,,No
85663226,0,No,,,,,,No
85670673,0,No,,,,,,No
85672253,0,No,,,,,,No
85672254,0,No,,,,,,No
85672256,0,No,,,,,,No
85684930,0,No,,,,,,No
85687313,0,No,,,,,,No
85702798,0,S?Â¡,0.0,0.0,0.0,0.0,0.0,Sí
85710832,0,No,,,,,,No
85710840,0,No,,,,,,No
85710841,0, ,,,,,,
85712322,0,S?Â¡,0.0,0.0,0.0,2.0,0.0,Sí
85712327,0,S?Â¡,0.0,0.0,1.0,0.0,0.0,Sí
85737071,0,No,,,,,,No
85741691,0,No,,,,,,No
85746883,0,No,,,,,,No
85748739,0,No,,,,,,No
85760835,0,No,,,,,,No
85762234,0,No,,,,,,No
85762243,0,No,,,,,,No
85763963,0,No,,,,,,No
85763966,0,No,,,,,,No
85764267,0, ,,,,,,
85767886,0,No,,,,,,No
85784394,0,No,,,,,,No
85790017,0,No,,,,,,No
85790018,0,No,,,,,,No
85801384,0,No,,,,,,No
85803137,0,S?Â¡,0.0,0.0,0.0,0.0,1.0,Sí
85812691,0,S?Â¡,2.0,1.0,0.0,2.0,1.0,Sí
85819451,0,No,,,,,,No
85829421,0,No,,,,,,No
85829423,0,No,,,,,,No
85834462,1,No,,,,,,No
85855638,0,No,,,,,,No
85858108,0,No,,,,,,No
85861817,0, ,,,,,,
85905838,0,No,,,,,,No
85920738,0,No,,,,,,No
85922993,0, ,,,,,,
85926202,0, ,,,,,,
85927979,0,No,,,,,,No
85953038,0,NS/NC,,,,,,NS/NC
85958730,0,S?Â¡,0.0,0.0,0.0,1.0,0.0,Sí
85969457,1,S?Â¡,0.0,0.0,0.0,0.0,0.0,Sí
85993957,0,S?Â¡,0.0,0.0,0.0,0.0,0.0,Sí
85993963,2,S?Â¡,0.0,0.0,0.0,0.0,0.0,Sí
85994575,0,No,,,,,,No
85994825,0,S?Â¡,1.0,0.0,0.0,1.0,1.0,Sí
86018870,0,No,,,,,,No
86067469,0,No,,,,,,No
86071065,0,No,,,,,,No
86074703,0,S?Â¡,0.0,0.0,0.0,0.0,0.0,Sí
86089415,0, ,,,,,,
86125221,0, ,,,,,,
86128392,0,S?Â¡,0.0,0.0,0.0,2.0,0.0,Sí
86131221,0,No,,,,,,No
86131982,0,S?Â¡,0.0,0.0,2.0,0.0,2.0,Sí
86135217,0,No,,,,,,No
86148193,0,No,,,,,,No
86150334,0, ,,,,,,
86181970,0,S?Â¡,2.0,0.0,0.0,2.0,1.0,Sí
86196822,0,No,,,,,,No
86198453,0,S?Â¡,0.0,0.0,0.0,0.0,0.0,Sí
86203039,0,No,,,,,,No
86203042,0,No,,,,,,No
86203088,0,No,,,,,,No
86203300,0,S?Â¡,1.0,0.0,1.0,1.0,1.0,Sí
86206843,0,No,,,,,,No
86248636,0, ,,,,,,
86252808,0,S?Â¡,0.0,0.0,2.0,2.0,2.0,Sí
86268778,0,No,,,,,,No
86279018,0,No,,,,,,No
86291976,0,No,,,,,,No
86316025,0,No,,,,,,No
86317270,0,No,,,,,,No
86321628,0,No,,,,,,No
86325706,0,No,,,,,,No
86330796,0,No,,,,,,No
86336391,0,No,,,,,,No
86348870,0,No,,,,,,No
86368969,0,No,,,,,,No
86368970,0,No,,,,,,No
86368976,0,No,,,,,,No
86384325,0,No,,,,,,No
86405113,0,No,,,,,,No
86406427,0, ,,,,,,
86407600,0,No,,,,,,No
86425738,0,No,,,,,,No
86428530,0,No,,,,,,No
86428532,0,No,,,,,,No
86432116,0, ,,,,,,
86432188,0, ,,,,,,
86432304,0,No,,,,,,No
86432313,0,No,,,,,,No
86432314,0,No,,,,,,No
86454030,0,No,,,,,,No
86454032,0,No,,,,,,No
86455459,0,S?Â¡,0.0,0.0,0.0,1.0,0.0,Sí
86474912,0,NS/NC,,,,,,NS/NC
86491264,0,S?Â¡,0.0,0.0,0.0,2.0,0.0,Sí
86496238,0,No,,,,,,No
86511992,0,No,,,,,,No
86514557,0,No,,,,,,No
86524463,0,No,,,,,,No
86529853,0,No,,,,,,No
86529884,0,No,,,,,,No
86559660,0,No,,,,,,No
86559661,0,S?Â¡,0.0,0.0,0.0,0.0,2.0,Sí
86566748,0,No,,,,,,No
86628684,0,No,,,,,,No
86633629,2,S?Â¡,0.0,0.0,0.0,0.0,0.0,Sí
86643350,0,No,,,,,,No
86650634,0,S?Â¡,0.0,0.0,1.0,0.0,2.0,Sí
86656593,0,No,,,,,,No
86656595,0,No,,,,,,No
86656597,0,No,,,,,,No
86656598,0,No,,,,,,No
86660796,0,No,,,,,,No
86661283,0, ,,,,,,
86703753,0,No,,,,,,No
86706740,0,No,,,,,,No
86748828,0,No,,,,,,No
86761714,0,S?Â¡,0.0,0.0,0.0,1.0,1.0,Sí
86761725,0,No,,,,,,No
86776054,0,No,,,,,,No
86776056,0,No,,,,,,No
86776057,0,S?Â¡,0.0,0.0,0.0,0.0,1.0,Sí
86791221,2,No,,,,,,No
86799945,0,No,,,,,,No
86871875,0, ,,,,,,
86871876,0, ,,,,,,
86875396,0,No,,,,,,No
86878670,0,S?Â¡,2.0,0.0,1.0,1.0,0.0,Sí
86895579,0,S?Â¡,1.0,0.0,0.0,0.0,2.0,Sí
86895592,0,S?Â¡,0.0,0.0,0.0,0.0,2.0,Sí
86902641,0,No,,,,,,No
86954780,0,No,,,,,,No
86965724,0,No,,,,,,No
86974764,0, ,,,,,,
86986278,0,No,,,,,,No
86986280,0,S?Â¡,0.0,0.0,0.0,2.0,2.0,Sí
86989281,0, ,,,,,,
86989283,0,No,,,,,,No
86990054,0,No,,,,,,No
86995085,0,No,,,,,,No
87006119,0,No,,,,,,No
87006120,0,No,,,,,,No
87011582,0,No,,,,,,No
87026075,1,S?Â¡,0.0,0.0,0.0,1.0,0.0,Sí
87051160,0,No,,,,,,No
87061101,0,No,,,,,,No
87065229,0,No,,,,,,No
87077172,0,No,,,,,,No
87077173,2,No,,,,,,No
87083305,0,No,,,,,,No
87086717,0,No,,,,,,No
87163543,0,S?Â¡,0.0,0.0,0.0,0.0,0.0,Sí
87192813,0,No,,,,,,No
87202829,0,S?Â¡,1.0,0.0,0.0,1.0,1.0,Sí
87237594,0,No,,,,,,No
87268817,0,No,,,,,,No
87277717,0,No,,,,,,No
87282462,0,S?Â¡,0.0,0.0,0.0,0.0,0.0,Sí
87289229,0,S?Â¡,2.0,0.0,2.0,2.0,2.0,Sí
87313336,0,No,,,,,,No
87354071,0,No,,,,,,No
87370883,0,S?Â¡,0.0,0.0,0.0,0.0,0.0,Sí
87370885,0,No,,,,,,No
87374100,0,No,,,,,,No
87412229,0,No,,,,,,No
87460967,0,No,,,,,,No
87472269,0,No,,,,,,No
87483422,0, ,,,,,,
87483424,0,No,,,,,,No
87500628,0,No,,,,,,No
87516920,0,No,,,,,,No
87527319,0,No,,,,,,No
87527321,0, ,,,,,,
87557434,0,NS/NC,,,,,,NS/NC
87557459,0,No,,,,,,No
87557465,1,No,,,,,,No
87568402,0,No,,,,,,No
87572708,0,No,,,,,,No
87573870,0,No,,,,,,No
87573871,0,No,,,,,,No
87579706,0,S?Â¡,0.0,0.0,0.0,1.0,0.0,Sí
87593773,0,No,,,,,,No
87599769,1,No,,,,,,No
87608327,0,No,,,,,,No
87608502,0,No,,,,,,No
87609523,0,No,,,,,,No
87614487,0,S?Â¡,1.0,0.0,0.0,1.0,1.0,Sí
87621792,0,No,,,,,,No
87621794,0, ,,,,,,
87636206,0,No,,,,,,No
87645526,0,No,,,,,,No
87657254,0,No,,,,,,No
87657255,0, ,,,,,,
87660883,0,No,,,,,,No
87681496,0,No,,,,,,No
87696814,0, ,,,,,,
87708238,0,No,,,,,,No
87716495,0,No,,,,,,No
87719856,0, ,,,,,,
87732616,0,No,,,,,,No
87733378,0,S?Â¡,0.0,0.0,0.0,2.0,1.0,Sí
87770360,0,NS/NC,,,,,,NS/NC
87803854,2,No,,,,,,No
87810081,0,S?Â¡,0.0,0.0,0.0,1.0,0.0,Sí
87814361,3,S?Â¡,2.0,2.0,2.0,2.0,2.0,Sí
87814362,0,S?Â¡,2.0,2.0,2.0,2.0,2.0,Sí
87885926,0,No,,,,,,No
87896366,0,No,,,,,,No
87898430,0,S?Â¡,0.0,0.0,1.0,0.0,0.0,Sí
87910491,0,S?Â¡,0.0,0.0,0.0,2.0,2.0,Sí
87910493,0,No,,,,,,No
87911463,0,S?Â¡,0.0,0.0,0.0,1.0,2.0,Sí
87942131,0,No,,,,,,No
87942136,0,No,,,,,,No
87963430,0, ,,,,,,
87965540,0,S?Â¡,2.0,2.0,2.0,2.0,2.0,Sí
87972218,0,No,,,,,,No
87984461,0,S?Â¡,0.0,0.0,0.0,0.0,0.0,Sí
87991673,0, ,,,,,,
88065421,0,No,,,,,,No
88119940,0,No,,,,,,No
88119943,0,S?Â¡,0.0,0.0,1.0,1.0,1.0,Sí
88123117,0,No,,,,,,No
88123550,0,No,,,,,,No
88128497,0,No,,,,,,No
88162963,0,S?Â¡,0.0,0.0,2.0,0.0,2.0,Sí
88168231,0,S?Â¡,1.0,0.0,0.0,1.0,1.0,Sí
88171014,0,S?Â¡,0.0,0.0,0.0,0.0,0.0,Sí
88173165,0,S?Â¡,0.0,0.0,0.0,2.0,2.0,Sí
88175388,0, ,,,,,,
88180335,0,No,,,,,,No
88180337,0,No,,,,,,No
88180338,0,No,,,,,,No
88185650,2,No,,,,,,No
88218124,0,No,,,,,,No
88228144,0,S?Â¡,1.0,0.0,2.0,2.0,0.0,Sí
88257830,0,No,,,,,,No
88275273,0, ,,,,,,
88277690,0,No,,,,,,No
88281138,0,No,,,,,,No
88310651,0,S?Â¡,0.0,0.0,2.0,2.0,1.0,Sí
88320560,0,No,,,,,,No
88320866,0,No,,,,,,No
88373117,0, ,,,,,,
88373120,0,No,,,,,,No
88373265,0, ,,,,,,
88384002,0,S?Â¡,0.0,0.0,0.0,1.0,0.0,Sí
88406572,0,No,,,,,,No
88427738,0,S?Â¡,0.0,0.0,0.0,1.0,1.0,Sí
88450507,0,No,,,,,,No
88480790,0,No,,,,,,No
88526210,1,No,,,,,,No
88526211,0,No,,,,,,No
88526212,0,No,,,,,,No
88531242,0,S?Â¡,0.0,0.0,0.0,1.0,1.0,Sí
88534398,0,No,,,,,,No
88547189,0,No,,,,,,No
88580442,0,S?Â¡,0.0,0.0,0.0,2.0,0.0,Sí
88580443,0,No,,,,,,No
88614583,0, ,,,,,,
88615233,0,No,,,,,,No
88667812,0,No,,,,,,No
88667814,0,No,,,,,,No
88689937,0,No,,,,,,No
88829897,0,S?Â¡,2.0,0.0,2.0,1.0,2.0,Sí
88886943,0,No,,,,,,No
88989412,0,S?Â¡,0.0,0.0,0.0,1.0,0.0,Sí
88989413,0,S?Â¡,0.0,0.0,0.0,0.0,0.0,Sí
89034454,0,S?Â¡,0.0,0.0,0.0,2.0,1.0,Sí
89045585,0,S?Â¡,0.0,0.0,0.0,2.0,0.0,Sí
89069089,0,No,,,,,,No
89069090,0,No,,,,,,No
89069106,0,No,,,,,,No
89069107,0,No,,,,,,No
89069118,0,No,,,,,,No
89086203,0,No,,,,,,No
89104924,0,No,,,,,,No
89104925,0,No,,,,,,No
89105026,0,No,,,,,,No
89136435,0,No,,,,,,No
89155688,0,No,,,,,,No
89166103,0,No,,,,,,No
89167589,0,S?Â¡,0.0,0.0,2.0,0.0,2.0,Sí
89167590,0,No,,,,,,No
89193104,0,No,,,,,,No
89202622,2,No,,,,,,No
89226194,0,No,,,,,,No
89230998,0,No,,,,,,No
89302400,0,No,,,,,,No
89321352,0,S?Â¡,2.0,0.0,0.0,1.0,2.0,Sí
89358301,0,No,,,,,,No
89358308,1,No,,,,,,No
89358343,0,No,,,,,,No
89423248,0,No,,,,,,No
89423254,0,No,,,,,,No
89487825,0,No,,,,,,No
89501156,1,No,,,,,,No
89517066,0,S?Â¡,0.0,0.0,2.0,0.0,1.0,Sí
89543346,0,No,,,,,,No
89595911,1,S?Â¡,0.0,0.0,1.0,2.0,1.0,Sí
89601994,0,S?Â¡,0.0,0.0,0.0,0.0,1.0,Sí
89602656,0,No,,,,,,No
89611899,0,No,,,,,,No
89645282,0,S?Â¡,0.0,0.0,0.0,1.0,0.0,Sí
89656153,1,S?Â¡,0.0,0.0,0.0,2.0,1.0,Sí
89680250,0,S?Â¡,1.0,0.0,0.0,1.0,1.0,Sí
89684474,1,S?Â¡,0.0,2.0,2.0,2.0,2.0,Sí
89684533,1,S?Â¡,0.0,0.0,0.0,0.0,2.0,Sí
89690131,0,No,,,,,,No
89690132,0,S?Â¡,0.0,0.0,1.0,2.0,2.0,Sí
89699466,0,No,,,,,,No
89699829,2,No,,,,,,No
89778036,0, ,,,,,,
89791825,0,No,,,,,,No
89807259,0,No,,,,,,No
89820830,0,S?Â¡,0.0,0.0,2.0,2.0,1.0,Sí
89824558,0,No,,,,,,No
89862863,0, ,,,,,,
89868892,0,No,,,,,,No
89915943,1,No,,,,,,No
89915945,1,S?Â¡,0.0,0.0,0.0,0.0,2.0,Sí
89925525,2,No,,,,,,No
89973767,3,S?Â¡,1.0,0.0,1.0,1.0,1.0,Sí
89990570,0,S?Â¡,0.0,0.0,0.0,1.0,2.0,Sí
90019423,3,No,,,,,,No
90019433,0,No,,,,,,No
90036286,0, ,,,,,,
90067354,0,S?Â¡,2.0,0.0,0.0,1.0,2.0,Sí
91062642,4,No,,,,,,No
91062645,4,No,,,,,,No
91062651,3,No,,,,,,No
91062655,3,No,,,,,,No
91062656,0,No,,,,,,No
91062657,0,No,,,,,,No
91640691,0,No,,,,,,No
94733898,0,No,,,,,,No
