id,cant_colaciones_NR,come viendo pantallas
74212137,0,No
74274812,3,Si
74332559,1,Si
74434818,1,No
74494264,1,Si
74567366,2,No
74567871,2,No
74589443,0,Si
74636313,2,Si
74641935,1,No
74651370,3,Si
74658997,0,No
74694070,1,Si
74703429,0,Si
74703430,1,Si
74718079,2,No
74722892,2,No
74723163,1,No
74736364,1,No
74770685,2,No
74770686,3,No
74808979,1,Si
74808980,1,No
74826986,1,No
74869468,0,Si
74886563,2,No
74887893,3,Si
74895979,2,Si
74902195,1,Si
74917904,0,Si
74918271,0,Si
74921761,2,Si
74922220,0,Si
74922221,2,Si
74994800,2,No
74996458,1,No
74996459,1,Si
75001700,3,Si
75031969,3,Si
75068866,0,No
75080242,1,Si
75083970,1,No
75093681,2,No
75118622,1,Si
75136208,1,Si
75144921,0,No
75182948,2,Si
75191597,2,No
75204079,0,Si
75206661,1,No
75230757,3,Si
75241596,1,No
75252404,0,Si
75255250,1,No
75270606,1,No
75276646,0,Si
75276681,1,Si
75276715,1,No
75282914,1,Si
75283239,1,No
75284026,2,Si
75288282,2,Si
75288421,3,Si
75293730,1,No
75301394,2,Si
75312398,0,No
75317719,3,No
75318916,1,No
75324433,1,No
75340589,0,No
75347656,1,Si
75371291,2,Si
75379712,2,No
75384499,0,Si
75387581,2,Si
75396668,2,No
75402150,2,No
75427637,2,Si
75446430,3,No
75446859,1,Si
75460491,1,Si
75461806,0,No
75467279,1,No
75468006,0,No
75468926,3,No
75468927,1,No
75477027,1,Si
75480803,1,Si
75480913,1,Si
75484910,1,No
75485410,0,Si
75485414,1,No
75509799,1,No
75513430,2,No
75513924,1,No
75532580,0,No
75536909,2,Si
75538840,3,Si
75541374,2,Si
75551423,2,Si
75551521,0,No
75554344,1,Si
75555189,1,Si
75555938,2,No
75555942,2,Si
75557415,0,Si
75559313,0,No
75559315,0,Si
75562129,2,Si
75566258,1,Si
75569153,0,Si
75569155,0,Si
75572850,1,No
75572852,1,No
75587052,0,No
75587054,0,No
75600492,0,Si
75600496,0,Si
75602598,1,No
75618460,1,Si
75625505,2,Si
75628404,3,No
75631765,0,Si
75634524,0,Si
75644225,1,Si
75646401,0,No
75648381,0,No
75658167,0,Si
75658168,1,Si
75666206,1,Si
75681732,1,Si
75692207,2,No
75694005,2,No
75695612,2,Si
75703613,1,No
75704080,1,Si
75705100,1,No
75705366,2,Si
75708395,2,No
75712346,0,Si
75718323,1,No
75719722,0,No
75720100,0,No
75727024,2,Si
75736953,0,Si
75740766,0,No
75740768,0,No
75750861,2,No
75762348,3,No
75763978,0,Si
75778895,1,No
75817520,0,No
75818968,2,Si
75830541,3,Si
75857102,1,No
75865036,1,Si
75901621,2,No
75908553,0,Si
75920279,2,No
75921841,1,No
75927789,1,Si
75930966,2,No
75931179,0,No
75932882,2,No
75935086,1,No
75935087,1,Si
75940411,2,Si
75944335,0,Si
75944716,0,No
75945531,0,No
75948780,1,No
75964520,1,No
75971343,1,No
75981659,2,Si
75987401,0,Si
75992027,2,Si
75999822,1,Si
76000196,0,No
76000892,1,No
76002102,2,Si
76008699,1,Si
76008901,1,No
76008902,0,No
76017387,2,Si
76022056,1,No
76023783,0,No
76027557,2,Si
76027559,2,Si
76029792,1,No
76033136,1,Si
76056824,2,Si
76063883,0,No
76067939,1,No
76071121,1,Si
76071122,0,Si
76072046,2,Si
76086226,2,No
76089076,0,Si
76090275,2,Si
76090985,3,Si
76093436,1,Si
76096486,3,Si
76100728,3,No
76100752,3,Si
76101629,2,Si
76101754,1,Si
76104915,1,Si
76105653,0,Si
76107202,3,Si
76108835,0,Si
76110423,1,Si
76110595,0,Si
76110596,1,Si
76117819,1,No
76124566,0,Si
76139446,0,No
76155308,2,Si
76167765,1,Si
76169027,1,Si
76176650,3,No
76187239,1,Si
76194497,1,No
76194779,3,Si
76197979,2,Si
76197981,0,Si
76199016,2,No
76200466,1,No
76201144,1,No
76201857,1,Si
76202365,1,Si
76203382,2,No
76206616,1,No
76211211,0,Si
76211213,1,Si
76211869,1,Si
76215383,0,Si
76239365,1,No
76249158,2,Si
76254646,2,No
76254647,0,No
76258626,0,No
76258627,1,Si
76258628,0,Si
76264349,1,No
76264351,0,Si
76268326,2,Si
76275571,2,Si
76275754,2,No
76275970,1,No
76278943,2,Si
76278946,0,Si
76287955,2,Si
76288541,0,No
76293474,1,Si
76293545,0,No
76293956,1,Si
76295905,1,No
76297973,3,No
76301385,2,No
76331964,1,No
76335304,3,Si
76341237,1,Si
76343836,2,Si
76348509,1,Si
76349871,2,Si
76354533,1,No
76355359,0,No
76355360,2,No
76357916,1,No
76381496,0,Si
76381874,1,Si
76389050,1,No
76393342,0,No
76393977,0,Si
76406725,0,Si
76412764,2,No
76413398,1,Si
76416841,1,No
76422650,2,Si
76452822,2,Si
76457365,3,No
76459287,0,No
76459294,2,No
76469159,2,No
76475822,0,Si
76501124,0,Si
76528525,2,Si
76533129,2,No
76540923,0,Si
76540924,0,No
76550905,3,No
76554277,0,Si
76554278,1,No
76560869,2,No
76567196,0,Si
76570524,0,Si
76570525,0,Si
76572585,2,Si
76572586,1,No
76600974,1,Si
76614569,0,No
76618692,0,Si
76618697,1,Si
76618700,0,Si
76631902,0,Si
76640048,1,No
76640049,0,Si
76643724,0,Si
76646849,2,Si
76682490,3,Si
76690232,1,No
76695568,0,Si
76701785,1,Si
76707745,3,Si
76708027,0,Si
76724312,1,No
76724489,1,No
76724492,0,No
76727344,2,No
76735289,3,No
76735291,3,No
76738351,3,Si
76738876,2,No
76741476,3,No
76742732,0,No
76743260,2,No
76743592,3,Si
76756234,2,No
76756397,0,Si
76764583,0,No
76769982,2,Si
76771901,0,Si
76775902,0,Si
76780915,0,Si
76797060,1,Si
76800913,1,No
76806886,1,No
76812710,1,No
76819068,1,Si
76821878,2,Si
76826066,0,Si
76826067,0,Si
76829611,3,No
76833496,1,No
76834328,1,Si
76837859,3,No
76841388,2,No
76843980,1,Si
76845523,3,No
76845524,3,Si
76848773,0,No
76848781,2,No
76860996,1,No
76865987,1,No
76875711,0,No
76879647,2,No
76884777,1,No
76886653,2,No
76886654,3,Si
76887447,0,No
76903784,2,Si
76909329,2,No
76912148,2,No
76914112,0,Si
76916459,0,No
76917638,1,No
76923953,1,No
76926341,2,No
76932718,2,No
76935422,3,Si
76935424,2,Si
76951545,3,No
76952329,0,No
76953847,3,Si
76953851,1,Si
76955938,0,No
76977503,1,No
76985172,0,Si
76990602,1,Si
76990603,3,No
76991771,0,Si
76992278,1,Si
76992280,0,Si
77028526,2,Si
77068901,1,No
77076711,1,Si
77076899,2,Si
77092830,0,Si
77094826,2,Si
77097532,3,Si
77140994,0,Si
77144414,0,Si
77151947,2,No
77155231,1,Si
77171627,0,No
77176129,1,No
77179510,1,Si
77183136,2,Si
77184952,0,Si
77187821,1,No
77190539,1,No
77190540,0,Si
77190542,2,Si
77201679,0,Si
77202447,0,No
77221373,1,Si
77223915,2,No
77226668,2,Si
77226669,0,No
77233187,0,No
77250019,0,No
77250021,2,No
77256258,2,Si
77256259,1,No
77258622,1,Si
77267107,0,No
77267108,0,Si
77267832,0,Si
77267921,0,Si
77272735,0,No
77272736,2,No
77280124,1,No
77281786,3,No
77282252,2,Si
77282303,2,No
77283282,2,No
77285121,0,No
77285127,1,No
77294844,3,No
77295442,3,Si
77296534,0,Si
77317012,1,No
77317210,2,No
77318912,0,No
77325024,3,Si
77349545,1,No
77349546,1,Si
77351632,1,Si
77369604,0,No
77378915,2,Si
77382119,3,Si
77390495,1,Si
77392064,0,Si
77402804,1,Si
77414335,2,No
77434404,1,No
77442577,0,No
77442579,3,No
77452606,0,No
77457159,3,Si
77457160,2,No
77459255,1,Si
77464952,2,Si
77469497,0,Si
77470183,3,Si
77473520,1,No
77473521,2,No
77481404,0,Si
77481405,0,Si
77483588,3,Si
77485083,3,Si
77518963,1,No
77518965,0,No
77518971,2,Si
77519672,3,No
77523922,0,Si
77523924,0,Si
77533810,1,No
77543021,2,No
77546553,0,Si
77555918,3,Si
77555919,1,Si
77565098,1,Si
77566335,0,No
77566344,2,Si
77569091,0,No
77569092,2,No
77573261,1,Si
77575225,1,No
77577337,0,Si
77579834,3,No
77580979,1,No
77597285,2,No
77597298,2,No
77597299,3,No
77601233,1,No
77609428,2,No
77618164,0,No
77618176,1,Si
77618877,0,No
77618878,0,Si
77619260,1,No
77624924,0,Si
77625277,2,No
77625278,3,No
77638846,3,No
77639088,2,No
77639924,2,Si
77641048,0,Si
77641322,3,Si
77641328,3,No
77645461,2,Si
77649467,0,No
77649469,0,Si
77651227,2,Si
77655415,2,Si
77657215,2,Si
77657220,3,Si
77658349,2,No
77659752,3,No
77663727,0,Si
77673339,0,No
77683863,3,No
77685719,3,Si
77686854,0,Si
77686856,0,No
77689954,2,No
77696840,1,Si
77696841,1,Si
77699837,1,No
77708682,0,No
77709187,3,No
77710059,0,No
77716970,2,Si
77730411,1,Si
77736051,0,Si
77739855,1,Si
77763801,0,Si
77770089,2,Si
77770703,1,Si
77781435,0,Si
77790654,2,Si
77793656,2,No
77796680,2,No
77798232,1,Si
77800548,1,Si
77804427,1,Si
77805649,2,Si
77806266,2,No
77806332,1,Si
77806379,0,No
77806382,2,Si
77807627,2,Si
77808556,1,Si
77811986,2,No
77822643,3,Si
77824985,1,No
77824989,1,No
77825004,1,Si
77825009,0,No
77825013,1,Si
77826045,2,Si
77827863,3,No
77841100,0,Si
77842597,2,Si
77845508,0,No
77845810,0,Si
77853583,1,No
77853586,0,No
77855264,2,Si
77864584,0,No
77871144,0,Si
77874365,3,Si
77874368,1,Si
77874372,2,Si
77876773,0,No
77880320,2,Si
77885983,0,No
77890803,0,No
77891043,0,No
77896398,0,Si
77896399,0,Si
77898532,1,No
77901217,0,No
77907657,0,Si
77908432,3,No
77908433,3,Si
77910419,1,No
77910420,2,Si
77926331,1,Si
77926332,1,Si
77937552,2,No
77939030,2,No
77948587,1,No
77950298,0,No
77952140,3,No
77953101,1,No
77964570,0,No
77967881,1,Si
77968008,2,Si
77968032,1,Si
77969973,1,No
77970414,0,Si
77971835,3,Si
77975718,2,No
77978283,2,No
77979347,1,Si
77979348,1,No
77987217,3,Si
77988329,2,Si
77990461,3,Si
78023054,2,Si
78029261,1,No
78031907,1,No
78033336,2,Si
78033889,1,Si
78034427,3,Si
78036387,0,Si
78038831,0,No
78040358,1,Si
78042103,2,No
78043672,2,No
78045518,2,No
78047282,1,No
78047285,1,Si
78047439,2,Si
78048885,2,Si
78049433,1,No
78052844,1,Si
78053767,1,No
78054527,1,Si
78060712,0,No
78063881,0,No
78066143,0,No
78066176,1,Si
78067041,1,No
78067736,0,No
78068063,0,Si
78068072,0,No
78070174,1,No
78070182,0,Si
78070183,0,Si
78071340,1,Si
78080383,2,Si
78088483,0,Si
78089476,0,No
78092361,0,Si
78095041,1,No
78097303,2,No
78101615,1,Si
78101900,3,No
78103945,0,No
78103946,0,No
78117191,0,No
78124346,3,Si
78124348,3,No
78124349,3,Si
78126140,1,No
78126645,0,Si
78126646,1,Si
78127242,1,No
78134244,1,No
78135124,1,No
78150999,1,Si
78164250,0,Si
78164384,0,No
78164690,0,Si
78164932,0,No
78168562,2,No
78171176,2,Si
78186400,1,No
78186661,0,Si
78187499,1,No
78192715,1,Si
78193639,1,No
78194666,0,Si
78208066,3,Si
78209811,1,Si
78211461,1,No
78212955,1,No
78229005,1,No
78235527,0,No
78244676,0,No
78246323,2,Si
78246324,2,Si
78247456,1,Si
78250414,1,Si
78257748,1,No
78260433,1,No
78271391,0,Si
78274188,2,No
78274542,2,No
78280140,2,Si
78280931,0,No
78280932,1,No
78280933,0,Si
78284257,2,Si
78324364,0,Si
78330699,2,Si
78336479,0,Si
78338038,1,No
78338864,1,No
78338865,0,No
78350679,1,Si
78350680,1,Si
78355969,2,No
78357074,0,No
78357580,2,Si
78357581,0,Si
78357981,1,No
78360783,2,No
78364542,0,Si
78366156,1,Si
78371059,1,No
78371274,0,Si
78375321,1,Si
78381008,1,Si
78381424,1,No
78381429,1,Si
78383431,0,No
78384845,0,No
78399186,0,Si
78402733,1,Si
78405589,1,Si
78405590,1,Si
78405591,1,Si
78414640,2,No
78421119,3,Si
78421121,3,Si
78421497,1,No
78426746,2,Si
78427045,3,Si
78431433,1,Si
78441100,1,Si
78444458,1,No
78447353,0,Si
78447417,3,No
78448795,2,Si
78451395,1,Si
78454544,0,Si
78454545,0,Si
78455788,1,No
78458289,2,Si
78458985,2,No
78458986,2,No
78459806,1,Si
78464406,3,No
78481286,1,No
78481287,1,Si
78489906,2,No
78491165,1,Si
78491806,2,Si
78504832,1,No
78505794,2,No
78510004,0,No
78513274,0,No
78514590,0,No
78517465,0,No
78517615,2,Si
78517778,0,Si
78520957,1,No
78525111,0,Si
78528823,1,Si
78538870,2,Si
78539114,0,No
78541936,2,Si
78541938,2,Si
78554869,2,No
78563661,3,Si
78570512,1,Si
78573018,3,No
78577443,2,Si
78579965,1,Si
78588121,2,Si
78591221,2,No
78593259,1,No
78594364,0,No
78603815,1,No
78604023,2,Si
78604026,3,Si
78604027,1,Si
78604029,0,No
78604128,1,No
78604790,2,No
78607512,2,Si
78611848,1,No
78612459,1,Si
78613332,0,Si
78617779,0,No
78620269,1,Si
78625658,2,Si
78625688,3,No
78626226,1,No
78641930,2,No
78641933,3,No
78642046,0,No
78646831,1,Si
78649690,0,Si
78651821,3,Si
78651822,2,No
78653426,2,No
78655606,3,No
78655877,1,Si
78665780,2,No
78666597,3,No
78677608,1,No
78683590,1,No
78684241,1,No
78687078,0,Si
78690542,0,No
78692046,1,No
78697699,1,No
78698906,3,Si
78702894,2,Si
78704035,1,Si
78704248,2,Si
78709626,1,No
78719891,2,No
78722370,3,No
78730773,0,Si
78732447,3,Si
78734099,0,Si
78737768,0,Si
78741512,1,No
78744847,2,No
78746739,2,No
78755949,1,Si
78755950,3,Si
78759333,3,No
78760284,1,No
78761500,1,Si
78765639,0,No
78767692,1,Si
78769807,1,Si
78769808,2,No
78769809,1,No
78775091,1,Si
78793312,0,No
78795264,0,Si
78800648,0,No
78800649,1,No
78800650,1,No
78810849,1,No
78812078,0,No
78819446,0,Si
78819448,0,Si
78823419,2,No
78856338,0,No
78863480,1,Si
78863489,1,Si
78891947,1,Si
78905085,1,No
78908299,2,No
78911210,0,Si
78912927,2,Si
78922399,1,No
78922403,0,Si
78927464,2,Si
78931228,0,No
78931229,1,No
78934709,1,Si
78941977,2,Si
78941980,3,Si
78942091,0,Si
78942094,1,Si
78955045,2,Si
78955190,1,Si
78959579,1,Si
78960815,0,No
78981676,2,No
78987883,1,Si
78992251,1,Si
78999828,0,No
78999864,1,Si
79002025,1,No
79021250,0,Si
79023677,2,Si
79028679,1,Si
79031515,2,No
79031516,2,No
79031525,1,Si
79031963,2,No
79032602,1,No
79033829,1,No
79034285,0,No
79035035,1,No
79035036,0,Si
79035472,2,Si
79035475,2,No
79037295,1,Si
79038225,1,No
79038406,1,Si
79038408,0,Si
79039113,0,No
79041994,0,Si
79048858,1,No
79048861,1,No
79048862,1,No
79067730,0,Si
79067731,1,Si
79071460,0,Si
79072486,2,No
79072489,1,Si
79077330,2,Si
79084225,1,No
79091612,2,No
79101142,0,Si
79108331,0,Si
79111682,1,Si
79117563,1,Si
79117565,1,No
79129018,1,Si
79129099,0,No
79130947,1,Si
79134253,1,No
79134896,1,Si
79139799,1,Si
79141575,2,Si
79141847,3,Si
79162636,3,Si
79162637,1,Si
79163637,1,No
79172442,0,Si
79174823,0,Si
79181562,0,No
79190941,0,Si
79193122,1,Si
79194098,0,Si
79202621,2,No
79206184,0,Si
79206185,0,No
79209926,0,Si
79214789,2,Si
79215686,2,No
79226823,1,Si
79229336,0,Si
79229384,1,No
79229386,0,Si
79229388,1,Si
79229420,1,No
79229453,1,Si
79229460,0,Si
79235414,1,No
79258875,1,No
79259351,2,Si
79259352,3,Si
79271865,2,Si
79272928,1,No
79273527,0,No
79278262,0,No
79281862,1,Si
79288131,3,No
79290854,1,No
79295463,2,Si
79298744,0,Si
79298792,1,Si
79298793,1,Si
79298795,3,Si
79300087,0,Si
79303836,0,No
79304318,1,No
79308660,0,No
79308666,1,No
79310519,1,Si
79312478,1,No
79313413,1,Si
79320865,2,No
79322361,3,Si
79322375,2,Si
79330398,1,Si
79344692,1,No
79346005,1,Si
79346381,2,Si
79350189,2,Si
79350429,0,No
79357443,0,Si
79374271,1,No
79381018,1,Si
79388188,2,No
79390870,2,No
79400695,2,Si
79406608,2,Si
79434098,1,Si
79435696,3,Si
79467897,0,No
79480682,2,Si
79486156,1,Si
79496238,0,Si
79496239,1,No
79496247,0,No
79503445,2,No
79504086,0,No
79538459,0,No
79541553,0,Si
79542525,1,Si
79542724,2,No
79543019,1,Si
79549695,1,Si
79551774,2,No
79568814,0,No
79573830,1,Si
79573832,1,No
79589180,2,Si
79589182,0,Si
79591581,2,No
79591583,0,No
79591639,2,Si
79592006,1,No
79592010,2,No
79592013,2,Si
79593570,2,No
79593571,2,No
79597323,2,Si
79598832,2,Si
79602319,1,Si
79602320,1,No
79602322,0,No
79602607,1,Si
79603727,1,Si
79603728,0,No
79607659,1,Si
79607660,1,No
79626352,1,Si
79639145,0,No
79647888,1,Si
79659788,0,No
79659795,1,Si
79662365,0,No
79671161,1,Si
79676164,3,Si
79677543,1,Si
79677544,0,Si
79677616,1,Si
79677995,1,No
79679631,0,No
79680686,1,Si
79683191,2,Si
79683192,0,No
79684532,0,Si
79684923,0,No
79684927,2,Si
79685690,1,Si
79690204,1,Si
79691720,0,Si
79696433,1,No
79698276,0,Si
79699540,2,No
79701176,3,Si
79702779,3,Si
79724485,1,No
79741392,1,Si
79748635,2,Si
79754555,0,No
79754910,2,No
79756403,3,No
79767217,0,Si
79767218,1,Si
79767222,0,Si
79769537,3,Si
79771884,2,Si
79772435,0,Si
79776325,0,No
79776326,1,No
79776327,1,No
79777129,0,Si
79777131,1,Si
79784873,1,Si
79789004,0,Si
79793086,2,No
79794393,1,Si
79800545,0,Si
79807921,3,No
79807922,3,Si
79807926,2,No
79820085,0,No
79828308,1,No
79845776,3,No
79845780,1,Si
79845794,2,Si
79849320,1,Si
79852592,0,No
79866463,1,Si
79867692,0,Si
79869556,1,No
79870951,0,Si
79870954,0,Si
79870955,0,Si
79871220,0,No
79875099,1,Si
79885327,0,No
79903671,0,No
79903755,2,Si
79903759,3,Si
79911112,1,Si
79913172,0,No
79913173,0,No
79934119,1,Si
79935208,1,No
79953368,2,No
79954629,0,Si
79959830,1,No
79967183,1,No
79970317,0,No
79971255,2,No
79971256,0,Si
79971257,1,Si
79974395,0,No
79975599,0,Si
79975723,1,No
79976283,0,No
79976712,0,No
80004367,2,Si
80007132,3,No
80007139,3,No
80013495,0,Si
80013496,0,Si
80014088,3,No
80014299,0,Si
80022857,0,No
80023346,3,Si
80023349,2,Si
80025548,2,Si
80025752,1,No
80031539,1,Si
80038213,2,No
80041357,1,Si
80043186,2,Si
80045547,1,Si
80048681,3,Si
80048683,1,Si
80048684,0,Si
80048685,0,No
80049247,1,Si
80049248,1,Si
80051852,0,Si
80052845,2,Si
80059480,1,No
80065624,1,Si
80072396,2,Si
80072673,2,Si
80074331,3,Si
80074334,1,No
80089373,0,No
80089375,1,No
80115998,0,No
80118782,1,No
80119710,3,Si
80121606,2,Si
80151267,0,Si
80151270,0,Si
80153072,1,No
80154249,2,No
80159277,2,Si
80189212,3,No
80204039,2,No
80207093,0,Si
80215734,1,Si
80220506,1,Si
80242848,1,Si
80243290,1,Si
80243297,0,Si
80245294,0,Si
80246472,2,Si
80246922,2,Si
80248925,1,Si
80266555,0,No
80266559,0,Si
80268332,3,No
80268334,2,Si
80274973,2,Si
80277326,3,No
80278914,0,No
80285413,0,Si
80289958,1,No
80302175,1,No
80302176,0,No
80303335,0,Si
80303337,0,No
80304430,0,No
80311131,1,No
80311619,2,No
80312123,1,No
80312125,0,No
80315582,2,Si
80322520,1,Si
80322772,0,No
80322776,1,No
80325977,2,Si
80330750,1,Si
80337243,1,Si
80337760,2,Si
80337984,0,No
80347951,0,Si
80362713,1,No
80367105,0,No
80371684,2,No
80373239,0,No
80386100,1,No
80386957,1,Si
80389133,2,Si
80389540,0,No
80390119,0,No
80405760,0,No
80412529,3,No
80412530,1,Si
80415216,0,Si
80415223,0,No
80427615,0,No
80428196,0,No
80428672,1,Si
80428673,2,Si
80428674,0,Si
80428957,2,No
80442907,1,No
80442910,0,No
80442914,3,Si
80445629,0,No
80449202,2,Si
80456535,2,No
80481164,0,Si
80498123,1,Si
80502327,1,Si
80502328,0,No
80503382,2,Si
80503384,3,Si
80504159,0,No
80505298,1,Si
80505299,2,Si
80505949,2,Si
80506674,0,No
80507986,1,No
80507989,2,No
80511956,2,Si
80514607,0,No
80514610,0,No
80515364,1,Si
80515366,0,Si
80520346,0,Si
80520347,3,Si
80531017,0,No
80531019,0,No
80531020,0,Si
80531022,1,No
80536077,1,Si
80537792,0,Si
80554551,2,Si
80554554,2,Si
80555784,1,No
80581320,3,No
80584081,0,Si
80587214,1,Si
80587225,0,Si
80589550,2,No
80590291,0,No
80590620,0,Si
80592588,0,Si
80592590,0,Si
80597889,0,No
80599933,0,No
80605959,1,No
80605960,1,Si
80605967,1,No
80609354,1,Si
80612639,0,Si
80618862,3,No
80629331,0,No
80633120,1,No
80633122,1,No
80634942,1,Si
80638118,0,No
80642772,0,No
80659608,0,No
80663740,1,Si
80664588,2,No
80667915,1,No
80674492,2,Si
80674493,2,No
80675185,1,No
80679049,1,Si
80679974,1,No
80679976,0,No
80686644,0,Si
80687769,0,No
80724218,0,No
80734490,1,Si
80750165,1,Si
80750167,0,No
80750168,0,Si
80751067,3,No
80752222,2,No
80752226,0,No
80752355,0,No
80762075,0,No
80796119,0,No
80797456,0,No
80805562,1,No
80812763,2,Si
80821801,0,No
80821803,1,No
80823301,0,No
80823302,1,No
80823307,0,Si
80823309,0,Si
80829269,0,No
80841555,0,Si
80841619,0,Si
80843543,1,No
80845746,3,Si
80852211,2,No
80858992,0,Si
80861895,2,Si
80861932,0,Si
80872821,1,Si
80874396,0,Si
80876555,3,No
80876556,1,No
80880697,2,Si
80897753,1,No
80901204,2,No
80901205,3,No
80901206,1,No
80906961,1,No
80908585,0,No
80910890,0,Si
80916055,0,Si
80921961,0,No
80930577,1,Si
80930580,1,Si
80935569,0,Si
80938330,0,Si
80940169,1,No
80944172,2,Si
80949065,0,Si
80949197,0,Si
80949200,1,No
80979973,1,No
80980672,0,No
80983795,2,Si
80988680,1,No
80990426,2,Si
80991001,2,No
80991797,0,Si
80993512,1,Si
80993514,2,No
80996752,2,Si
81002696,0,Si
81006127,1,No
81016672,0,No
81016673,1,Si
81016674,1,No
81021883,1,No
81022044,0,Si
81022045,0,Si
81024647,0,Si
81027644,3,No
81028826,0,Si
81033951,0,No
81037349,0,No
81038619,3,Si
81038620,2,No
81040227,2,Si
81049379,2,No
81080223,1,Si
81087777,1,No
81088610,0,Si
81097914,2,Si
81101532,0,No
81106661,1,Si
81107009,3,No
81108221,0,No
81122815,0,Si
81133241,0,Si
81134074,1,No
81134241,0,Si
81134243,0,No
81136131,1,No
81136843,0,Si
81142877,1,Si
81144386,0,No
81146447,0,Si
81164923,0,Si
81167624,0,Si
81169463,2,No
81188279,3,No
81204246,1,No
81205324,0,No
81211873,2,No
81219774,3,Si
81225436,2,Si
81225573,0,No
81225624,2,No
81229546,0,Si
81241782,1,Si
81241783,1,Si
81241784,2,Si
81246977,1,Si
81268388,1,Si
81268389,0,Si
81271580,1,Si
81282101,1,No
81282102,0,No
81290029,2,Si
81311184,0,No
81313170,2,No
81315834,1,No
81317816,2,Si
81341027,2,No
81341030,0,Si
81360999,0,Si
81371529,0,Si
81383087,0,Si
81383088,0,Si
81383207,1,No
81383208,0,Si
81395138,0,Si
81406897,2,Si
81407991,1,No
81443826,0,No
81450217,0,Si
81451831,1,No
81455967,1,No
81470960,3,Si
81481149,1,Si
81484447,2,Si
81489801,1,No
81490626,0,Si
81490627,1,Si
81492910,2,Si
81495622,1,Si
81496726,1,No
81497615,0,Si
81497616,1,Si
81500621,0,No
81504589,1,No
81504590,1,Si
81505149,0,No
81506095,0,Si
81507247,0,No
81510705,2,No
81511035,0,No
81511036,2,Si
81511060,0,No
81511068,0,Si
81529252,2,Si
81531923,0,No
81531929,0,No
81533759,0,Si
81533761,3,No
81533764,2,Si
81542775,0,Si
81546418,2,Si
81547495,0,Si
81558709,0,Si
81558710,0,Si
81566060,2,No
81567309,1,Si
81570538,0,No
81574180,0,No
81578017,1,Si
81581092,2,Si
81581211,3,Si
81581212,0,Si
81582817,1,No
81586676,1,Si
81588117,1,Si
81588302,0,No
81592027,2,Si
81596754,1,Si
81604965,0,No
81622734,2,No
81633097,0,Si
81634507,1,No
81634510,0,No
81640080,0,No
81643223,0,No
81644988,0,Si
81646828,1,Si
81650331,2,No
81650339,0,Si
81655331,0,Si
81669584,1,Si
81673800,2,No
81673803,0,No
81675892,3,No
81676376,2,Si
81677068,2,Si
81677125,1,Si
81677517,2,No
81678831,2,No
81679459,2,Si
81681124,0,No
81682483,1,No
81682749,3,No
81693010,2,Si
81695548,1,Si
81698108,1,Si
81701810,0,Si
81701811,2,No
81713740,3,Si
81718783,0,Si
81739241,2,Si
81739242,0,Si
81762910,0,No
81764905,0,Si
81779576,0,Si
81779578,1,No
81783790,0,Si
81783791,2,No
81793568,2,No
81793569,3,Si
81793575,1,Si
81794764,1,Si
81794767,0,Si
81794769,1,Si
81794770,1,Si
81798718,0,Si
81799475,1,No
81801575,0,Si
81802352,2,No
81802501,3,No
81821648,2,No
81825447,1,No
81838573,2,No
81861692,1,Si
81870318,1,No
81872245,2,Si
81872247,0,Si
81882245,2,Si
81893395,0,No
81893396,0,No
81896047,2,No
81903014,0,Si
81903016,1,Si
81920683,0,Si
81923615,1,No
81927575,0,No
81930520,1,No
81937373,1,No
81946129,0,Si
81946449,1,No
81948117,0,No
81950977,3,Si
81969004,1,Si
81969007,1,No
81973972,1,Si
81993941,2,No
82006903,1,Si
82011392,1,Si
82012846,0,No
82030117,3,Si
82040115,2,Si
82074958,0,Si
82105322,0,Si
82113196,0,Si
82114081,0,No
82116542,0,Si
82117171,0,No
82124234,2,Si
82125399,0,Si
82136322,2,Si
82141549,0,Si
82144795,2,Si
82153123,2,Si
82156203,0,No
82161279,1,Si
82161595,2,Si
82161760,2,Si
82169003,1,No
82185512,0,Si
82192572,1,Si
82193416,0,No
82199533,0,No
82207009,1,Si
82207160,0,No
82207162,0,No
82207804,0,No
82210563,2,Si
82210568,0,Si
82216312,2,No
82218009,2,Si
82227569,2,No
82228425,2,Si
82231265,0,Si
82234705,1,No
82240469,2,Si
82240557,0,Si
82241889,1,Si
82242763,1,No
82242764,0,Si
82242767,1,No
82243763,0,Si
82243765,2,No
82249782,0,No
82250298,0,No
82272374,3,Si
82275922,0,Si
82275927,2,No
82279660,0,Si
82283514,0,No
82286367,0,No
82286371,1,Si
82286633,0,Si
82297699,0,Si
82299775,1,Si
82308725,1,Si
82319303,2,Si
82320315,0,No
82325227,2,Si
82325228,2,Si
82329872,2,Si
82331628,0,No
82336780,1,No
82337933,0,No
82344231,1,Si
82344526,2,No
82345553,0,Si
82345555,0,Si
82345874,1,No
82350313,1,No
82350314,2,No
82350598,1,Si
82353338,2,No
82370056,2,No
82376819,3,No
82377413,1,No
82380584,0,Si
82387563,1,No
82391315,1,Si
82392097,2,Si
82393348,1,Si
82407547,0,No
82407855,0,No
82411627,2,Si
82411823,1,Si
82412612,2,Si
82412613,1,No
82428490,2,Si
82431443,0,Si
82435692,0,No
82439026,0,Si
82439280,1,No
82440822,0,Si
82456730,0,No
82458769,0,No
82461411,1,Si
82483840,0,Si
82484229,0,No
82495395,1,No
82495558,1,No
82501090,2,No
82510167,0,No
82511999,0,No
82512000,0,No
82519649,2,Si
82519652,1,No
82519785,1,Si
82523423,0,No
82540173,0,No
82540815,3,No
82542127,0,No
82542130,1,Si
82542534,0,Si
82543688,1,Si
82554629,0,No
82573945,0,Si
82573948,1,Si
82579333,0,Si
82585078,2,No
82585083,0,No
82585084,1,No
82585085,3,No
82588183,2,Si
82606469,0,No
82608760,0,Si
82608941,1,Si
82610228,1,Si
82610479,1,No
82610672,0,Si
82645789,0,No
82659916,1,Si
82673265,1,Si
82692145,0,Si
82829998,3,Si
82839081,2,No
82840324,1,No
82894052,1,No
82894210,0,No
82898503,1,No
82898505,1,No
82930839,0,No
82931468,0,Si
82931958,0,Si
82934825,1,No
82938613,2,Si
82940816,1,Si
82998075,1,Si
83001881,2,Si
83001889,1,Si
83024339,0,Si
83024342,0,No
83030900,0,Si
83030901,2,Si
83030904,1,No
83036124,0,Si
83050776,1,Si
83067304,2,No
83072322,0,Si
83087878,0,Si
83098810,1,Si
83098811,2,Si
83098830,2,Si
83118657,0,Si
83156228,1,Si
83233878,2,Si
83233879,3,No
83241164,1,No
83256132,1,Si
83271225,0,No
83293373,1,Si
83327343,1,Si
83353917,1,Si
83362938,0,Si
83374935,0,Si
83376055,3,Si
83379611,1,No
83412200,0,No
83424376,2,No
83424383,0,No
83424389,2,Si
83432296,0,Si
83458665,1,Si
83459201,1,No
83493585,0,Si
83518765,0,No
83545589,0,No
83545590,0,Si
83547614,1,No
83632001,2,No
83632002,2,Si
83632006,0,Si
83632008,2,Si
83632009,1,Si
83637733,1,Si
83648570,0,Si
83656242,2,No
83656243,0,Si
83672318,1,Si
83673892,3,Si
83683182,2,No
83683183,0,No
83684488,0,No
83687895,2,Si
83689336,1,No
83694135,1,Si
83703797,0,No
83713047,0,No
83720443,0,Si
83738625,0,Si
83741806,2,Si
83742479,1,Si
83743125,2,Si
83749878,2,Si
83750475,1,Si
83763575,1,Si
83781684,3,No
83784783,0,Si
83787165,0,No
83787166,0,No
83798711,1,Si
83802380,0,Si
83807126,1,Si
83809103,1,Si
83809223,2,Si
83809226,0,Si
83811277,0,Si
83813190,3,Si
83817462,0,No
83837440,1,No
83844719,0,Si
83861623,1,Si
83868584,2,No
83872810,2,No
83880004,0,Si
83880005,0,No
83886380,0,No
83892750,1,No
83892751,1,No
83892754,0,No
83907427,0,No
83909974,0,No
83910533,1,Si
83914689,2,No
83916351,2,Si
83926312,2,Si
83927262,0,Si
83951433,0,Si
83958216,1,Si
83959541,1,Si
83970291,1,Si
83970295,0,No
83972088,1,No
83972091,1,Si
83972092,1,Si
83980509,3,Si
83981398,1,No
83982057,0,No
83996121,0,No
84012081,0,Si
84012082,0,Si
84018146,3,No
84024117,2,No
84031504,0,No
84031505,0,No
84044531,1,No
84047187,1,No
84047200,0,Si
84051766,1,Si
84054303,3,No
84058110,0,No
84073017,2,Si
84074792,0,No
84074793,2,Si
84076068,2,Si
84149204,1,No
84169411,3,No
84169429,0,No
84169433,3,No
84169434,3,No
84170483,1,Si
84172737,1,No
84183924,1,Si
84191326,1,Si
84204824,1,No
84216455,1,Si
84234601,2,No
84234602,0,Si
84243214,0,Si
84244688,1,Si
84250328,1,No
84251392,3,Si
84266157,1,Si
84266158,2,Si
84274950,3,Si
84283186,0,No
84284434,2,Si
84289646,0,Si
84290376,0,Si
84290758,0,No
84293859,0,Si
84299855,0,No
84304901,0,No
84304902,1,Si
84308365,0,No
84308366,0,No
84309773,3,Si
84311429,0,No
84334192,0,No
84337421,1,Si
84344089,0,No
84344090,0,No
84353932,2,No
84359838,0,Si
84360130,2,No
84364585,2,Si
84368030,0,Si
84375881,0,Si
84384931,3,Si
84414694,1,Si
84438158,0,Si
84439635,0,Si
84445425,3,No
84450307,1,Si
84459786,0,No
84466842,2,No
84477329,0,Si
84477706,1,No
84486974,0,Si
84487812,1,Si
84489367,1,Si
84490650,1,No
84490651,1,No
84503483,3,Si
84513174,0,No
84518644,0,Si
84542998,0,No
84546056,2,No
84550972,0,Si
84557941,1,No
84566011,0,No
84587373,0,Si
84587374,1,No
84588183,0,No
84588184,1,Si
84588186,1,Si
84603947,0,Si
84606642,0,No
84607728,0,Si
84619566,1,Si
84622054,0,Si
84626576,3,Si
84626579,0,Si
84643560,1,Si
84674262,1,No
84674263,0,No
84720185,1,Si
84755284,0,No
84755285,0,No
84766251,1,No
84766252,0,No
84766253,0,No
84767532,1,No
84767533,0,Si
84784940,1,Si
84805921,1,No
84809550,1,Si
84829294,0,No
84833293,0,Si
84833808,0,Si
84837935,1,No
84842766,2,Si
84842767,1,No
84845472,2,Si
84856063,2,Si
84856064,1,Si
84856960,1,No
84856961,1,No
84877774,2,Si
84877775,2,Si
84877990,0,Si
84880579,1,No
84882117,0,No
84886539,1,No
84894306,0,No
84897694,0,Si
84903994,0,No
84912151,1,Si
84928739,1,Si
84936212,2,No
84939941,1,Si
84970813,0,Si
84970816,0,No
84970820,0,Si
84983418,2,No
84988938,0,Si
84989759,2,Si
84990692,0,Si
84996420,0,No
84996423,1,No
84996424,1,No
84997341,3,Si
84997729,1,No
84997734,2,Si
84998851,1,No
84999368,1,Si
85023745,1,Si
85035127,1,No
85035130,2,No
85035550,2,Si
85037505,1,Si
85038929,1,Si
85038930,1,Si
85040112,0,Si
85044395,0,No
85064744,0,No
85065443,3,Si
85066989,0,Si
85076129,3,No
85077058,1,No
85077061,1,Si
85079867,1,Si
85089885,1,Si
85093535,1,Si
85094821,0,Si
85094833,1,No
85096339,1,Si
85101185,1,No
85101187,1,No
85102230,2,No
85105244,0,Si
85109397,0,No
85112590,3,No
85116296,0,Si
85120512,1,No
85123675,3,No
85133163,0,No
85136561,0,No
85136672,0,No
85136717,1,Si
85136718,1,Si
85137376,0,Si
85159197,0,Si
85160099,1,No
85162320,0,No
85169564,1,No
85178619,1,No
85185659,1,Si
85187244,1,No
85206585,0,No
85208354,0,Si
85216094,0,No
85226098,1,Si
85240316,0,Si
85240325,2,Si
85243798,0,Si
85245572,1,No
85252665,2,Si
85255882,1,No
85281203,0,Si
85283128,2,Si
85283130,1,Si
85289652,2,No
85324439,3,Si
85324442,2,Si
85324447,1,Si
85324448,1,Si
85340614,0,No
85383740,0,No
85403110,1,Si
85403111,2,Si
85418078,2,No
85418081,1,No
85434956,1,No
85439161,0,No
85439162,2,No
85455544,3,No
85483852,1,No
85491915,0,Si
85495002,0,Si
85495005,0,Si
85495052,1,Si
85499877,0,No
85499881,1,Si
85500074,0,Si
85500075,0,No
85504255,0,No
85506611,0,No
85520823,0,Si
85522952,2,Si
85522953,1,Si
85522954,2,Si
85524483,0,Si
85526832,3,No
85541420,1,No
85541522,0,No
85541523,1,Si
85555354,1,Si
85571281,2,No
85571717,1,Si
85579814,1,No
85580925,0,Si
85581896,0,Si
85583298,2,Si
85583299,1,Si
85586870,2,Si
85592070,0,No
85592071,0,No
85593934,0,No
85593937,0,No
85614690,2,Si
85618319,2,No
85621881,0,No
85622954,1,Si
85636457,0,Si
85639798,1,Si
85639799,1,No
85641783,0,Si
85663225,0,Si
85663226,0,Si
85670673,2,No
85672253,0,Si
85672254,1,Si
85672256,0,Si
85684930,2,No
85687313,1,Si
85702798,1,Si
85710832,2,Si
85710840,0,No
85710841,0,Si
85712322,2,No
85712327,1,No
85737071,0,No
85741691,2,No
85746883,1,No
85748739,2,No
85760835,0,No
85762234,0,Si
85762243,0,No
85763963,1,No
85763966,2,Si
85764267,0,Si
85767886,0,Si
85784394,1,Si
85790017,0,Si
85790018,0,No
85801384,1,Si
85803137,0,No
85812691,1,Si
85819451,2,No
85829421,2,Si
85829423,0,Si
85834462,0,Si
85855638,1,Si
85858108,0,No
85861817,1,No
85905838,1,No
85920738,1,No
85922993,0,Si
85926202,0,No
85927979,0,Si
85953038,2,No
85958730,0,No
85969457,2,Si
85993957,1,No
85993963,1,No
85994575,1,No
85994825,2,Si
86018870,0,Si
86067469,1,Si
86071065,2,Si
86074703,2,No
86089415,1,Si
86125221,0,No
86128392,1,Si
86131221,0,Si
86131982,0,No
86135217,1,Si
86148193,1,Si
86150334,0,No
86181970,0,No
86196822,1,No
86198453,1,Si
86203039,1,No
86203042,0,No
86203088,0,Si
86203300,0,No
86206843,0,Si
86248636,2,Si
86252808,2,No
86268778,0,Si
86279018,0,Si
86291976,0,No
86316025,1,Si
86317270,0,No
86321628,0,No
86325706,1,No
86330796,0,Si
86336391,1,Si
86348870,1,Si
86368969,0,No
86368970,0,No
86368976,0,Si
86384325,0,No
86405113,0,No
86406427,1,Si
86407600,1,No
86425738,1,Si
86428530,0,Si
86428532,0,No
86432116,0,No
86432188,0,No
86432304,0,Si
86432313,0,Si
86432314,2,Si
86454030,0,Si
86454032,0,No
86455459,0,Si
86474912,1,No
86491264,3,Si
86496238,0,Si
86511992,2,No
86514557,1,Si
86524463,0,Si
86529853,0,No
86529884,2,No
86559660,0,No
86559661,0,Si
86566748,0,Si
86628684,0,No
86633629,1,No
86643350,2,Si
86650634,2,Si
86656593,2,No
86656595,2,No
86656597,2,No
86656598,0,Si
86660796,0,Si
86661283,1,Si
86703753,1,No
86706740,0,No
86748828,2,Si
86761714,2,Si
86761725,1,Si
86776054,1,No
86776056,2,Si
86776057,3,Si
86791221,2,Si
86799945,0,Si
86871875,0,Si
86871876,1,No
86875396,2,No
86878670,0,Si
86895579,0,No
86895592,2,Si
86902641,1,Si
86954780,0,No
86965724,0,Si
86974764,0,Si
86986278,0,Si
86986280,2,Si
86989281,0,Si
86989283,1,Si
86990054,0,No
86995085,1,Si
87006119,0,No
87006120,1,No
87011582,1,Si
87026075,2,Si
87051160,0,Si
87061101,0,No
87065229,1,No
87077172,0,Si
87077173,1,Si
87083305,0,Si
87086717,0,No
87163543,0,No
87192813,0,No
87202829,1,Si
87237594,1,Si
87268817,1,Si
87277717,0,Si
87282462,2,No
87289229,1,Si
87313336,1,Si
87354071,3,Si
87370883,1,No
87370885,1,Si
87374100,2,No
87412229,1,Si
87460967,0,No
87472269,0,Si
87483422,1,Si
87483424,3,Si
87500628,2,Si
87516920,0,No
87527319,0,Si
87527321,0,No
87557434,1,No
87557459,2,No
87557465,2,Si
87568402,2,No
87572708,3,No
87573870,1,Si
87573871,1,Si
87579706,1,No
87593773,0,No
87599769,1,No
87608327,3,Si
87608502,1,Si
87609523,1,Si
87614487,1,No
87621792,2,Si
87621794,2,No
87636206,0,No
87645526,2,Si
87657254,0,Si
87657255,1,Si
87660883,0,No
87681496,1,Si
87696814,1,No
87708238,0,No
87716495,2,Si
87719856,0,Si
87732616,0,No
87733378,2,No
87770360,2,Si
87803854,1,Si
87810081,1,Si
87814361,2,Si
87814362,3,Si
87885926,1,No
87896366,0,Si
87898430,0,No
87910491,1,No
87910493,2,Si
87911463,0,Si
87942131,2,Si
87942136,1,Si
87963430,1,Si
87965540,2,Si
87972218,0,No
87984461,2,No
87991673,1,Si
88065421,1,No
88119940,2,Si
88119943,0,No
88123117,3,No
88123550,0,Si
88128497,2,Si
88162963,1,Si
88168231,1,Si
88171014,1,Si
88173165,1,No
88175388,0,Si
88180335,1,No
88180337,0,No
88180338,1,Si
88185650,0,No
88218124,0,No
88228144,1,No
88257830,1,Si
88275273,2,No
88277690,2,No
88281138,3,Si
88310651,2,Si
88320560,1,No
88320866,1,Si
88373117,1,Si
88373120,1,Si
88373265,2,Si
88384002,2,Si
88406572,0,No
88427738,2,Si
88450507,0,Si
88480790,0,No
88526210,0,No
88526211,1,Si
88526212,0,Si
88531242,0,Si
88534398,1,No
88547189,0,No
88580442,0,No
88580443,0,Si
88614583,2,No
88615233,0,Si
88667812,1,No
88667814,2,No
88689937,2,Si
88829897,2,Si
88886943,0,Si
88989412,2,No
88989413,3,Si
89034454,0,Si
89045585,2,No
89069089,2,Si
89069090,1,Si
89069106,0,No
89069107,2,No
89069118,0,Si
89086203,0,No
89104924,0,No
89104925,0,No
89105026,0,No
89136435,0,No
89155688,2,No
89166103,1,No
89167589,0,Si
89167590,0,No
89193104,0,No
89202622,3,Si
89226194,2,Si
89230998,1,Si
89302400,2,No
89321352,2,Si
89358301,0,Si
89358308,0,Si
89358343,0,Si
89423248,0,Si
89423254,0,Si
89487825,1,No
89501156,1,No
89517066,1,No
89543346,1,No
89595911,0,No
89601994,2,Si
89602656,1,No
89611899,1,Si
89645282,2,No
89656153,0,No
89680250,2,No
89684474,2,No
89684533,2,Si
89690131,0,Si
89690132,0,Si
89699466,1,No
89699829,2,Si
89778036,1,Si
89791825,0,No
89807259,0,Si
89820830,1,No
89824558,1,Si
89862863,1,No
89868892,2,No
89915943,0,Si
89915945,2,Si
89925525,0,No
89973767,0,No
89990570,1,No
90019423,1,Si
90019433,2,Si
90036286,0,Si
90067354,1,Si
91062642,2,Si
91062645,3,Si
91062651,2,Si
91062655,2,Si
91062656,3,Si
91062657,3,Si
91640691,1,No
94733898,1,Si
